native_ix,temperature,score,recovery_rate,sample_seq,pairwise_match,log_tempt
0,0.0001,0.6116981,0.49363866,TTEAFTALLTTPNPAVGTPIKFDKVITNSGNVYDPATGIFTCKTPGVYLFSFTLYVYGNNLHAQLMKNDTPVLNVYLENVNGKLNSVSGSAVLKLEEGDKVYVKIPSSSANGLYASATAHSYFSGYLLTEL/TVEAFTALLTTPNPPVGVPVKFNTLTYNGRNVYNPATGIFTVKTPGLYLFSWTLYVYGNDLLAVLYKNDTAIKNVYLQNVNGKINSVSGSAILELKPGDKIYIKIPSSSANGLYASSDNHSSFSGYLLTES/EVEAFTALLTTPHPAVGEPVKFDKLLYNGKNVYDPATGIFTVKTEGVYLFSFTLYVYGNDLLVELMKNDTPVLKQYLQNVNGKINSVSGSAVLKLKKGDKVYVKIPSSSANGLYASPTNHSYFSGYLLTPL,215,-9.210340371976182
0,0.0001,0.6116981,0.49363866,TTEAFTALLTTPNPAVGTPIKFDKVITNSGNVYDPATGIFTCKTPGVYLFSFTLYVYGNNLHAQLMKNDTPVLNVYLENVNGKLNSVSGSAVLKLEEGDKVYVKIPSSSANGLYASATAHSYFSGYLLTEL/TVEAFTALLTTPNPPVGVPVKFNTLTYNGRNVYNPATGIFTVKTPGLYLFSWTLYVYGNDLLAVLYKNDTAIKNVYLQNVNGKINSVSGSAILELKPGDKIYIKIPSSSANGLYASSDNHSSFSGYLLTES/EVEAFTALLTTPHPAVGEPVKFDKLLYNGKNVYDPATGIFTVKTEGVYLFSFTLYVYGNDLLVELMKNDTPVLKQYLQNVNGKINSVSGSAVLKLKKGDKVYVKIPSSSANGLYASPTNHSYFSGYLLTPL,215,-9.210340371976182
0,0.0001,0.6116981,0.49363866,TTEAFTALLTTPNPAVGTPIKFDKVITNSGNVYDPATGIFTCKTPGVYLFSFTLYVYGNNLHAQLMKNDTPVLNVYLENVNGKLNSVSGSAVLKLEEGDKVYVKIPSSSANGLYASATAHSYFSGYLLTEL/TVEAFTALLTTPNPPVGVPVKFNTLTYNGRNVYNPATGIFTVKTPGLYLFSWTLYVYGNDLLAVLYKNDTAIKNVYLQNVNGKINSVSGSAILELKPGDKIYIKIPSSSANGLYASSDNHSSFSGYLLTES/EVEAFTALLTTPHPAVGEPVKFDKLLYNGKNVYDPATGIFTVKTEGVYLFSFTLYVYGNDLLVELMKNDTPVLKQYLQNVNGKINSVSGSAVLKLKKGDKVYVKIPSSSANGLYASPTNHSYFSGYLLTPL,215,-9.210340371976182
0,0.0001,0.6116981,0.49363866,TTEAFTALLTTPNPAVGTPIKFDKVITNSGNVYDPATGIFTCKTPGVYLFSFTLYVYGNNLHAQLMKNDTPVLNVYLENVNGKLNSVSGSAVLKLEEGDKVYVKIPSSSANGLYASATAHSYFSGYLLTEL/TVEAFTALLTTPNPPVGVPVKFNTLTYNGRNVYNPATGIFTVKTPGLYLFSWTLYVYGNDLLAVLYKNDTAIKNVYLQNVNGKINSVSGSAILELKPGDKIYIKIPSSSANGLYASSDNHSSFSGYLLTES/EVEAFTALLTTPHPAVGEPVKFDKLLYNGKNVYDPATGIFTVKTEGVYLFSFTLYVYGNDLLVELMKNDTPVLKQYLQNVNGKINSVSGSAVLKLKKGDKVYVKIPSSSANGLYASPTNHSYFSGYLLTPL,215,-9.210340371976182
0,0.0001,0.6116981,0.49363866,TTEAFTALLTTPNPAVGTPIKFDKVITNSGNVYDPATGIFTCKTPGVYLFSFTLYVYGNNLHAQLMKNDTPVLNVYLENVNGKLNSVSGSAVLKLEEGDKVYVKIPSSSANGLYASATAHSYFSGYLLTEL/TVEAFTALLTTPNPPVGVPVKFNTLTYNGRNVYNPATGIFTVKTPGLYLFSWTLYVYGNDLLAVLYKNDTAIKNVYLQNVNGKINSVSGSAILELKPGDKIYIKIPSSSANGLYASSDNHSSFSGYLLTES/EVEAFTALLTTPHPAVGEPVKFDKLLYNGKNVYDPATGIFTVKTEGVYLFSFTLYVYGNDLLVELMKNDTPVLKQYLQNVNGKINSVSGSAVLKLKKGDKVYVKIPSSSANGLYASPTNHSYFSGYLLTPL,215,-9.210340371976182
0,0.0001,0.6116981,0.49363866,TTEAFTALLTTPNPAVGTPIKFDKVITNSGNVYDPATGIFTCKTPGVYLFSFTLYVYGNNLHAQLMKNDTPVLNVYLENVNGKLNSVSGSAVLKLEEGDKVYVKIPSSSANGLYASATAHSYFSGYLLTEL/TVEAFTALLTTPNPPVGVPVKFNTLTYNGRNVYNPATGIFTVKTPGLYLFSWTLYVYGNDLLAVLYKNDTAIKNVYLQNVNGKINSVSGSAILELKPGDKIYIKIPSSSANGLYASSDNHSSFSGYLLTES/EVEAFTALLTTPHPAVGEPVKFDKLLYNGKNVYDPATGIFTVKTEGVYLFSFTLYVYGNDLLVELMKNDTPVLKQYLQNVNGKINSVSGSAVLKLKKGDKVYVKIPSSSANGLYASPTNHSYFSGYLLTPL,215,-9.210340371976182
0,0.0001,0.6116981,0.49363866,TTEAFTALLTTPNPAVGTPIKFDKVITNSGNVYDPATGIFTCKTPGVYLFSFTLYVYGNNLHAQLMKNDTPVLNVYLENVNGKLNSVSGSAVLKLEEGDKVYVKIPSSSANGLYASATAHSYFSGYLLTEL/TVEAFTALLTTPNPPVGVPVKFNTLTYNGRNVYNPATGIFTVKTPGLYLFSWTLYVYGNDLLAVLYKNDTAIKNVYLQNVNGKINSVSGSAILELKPGDKIYIKIPSSSANGLYASSDNHSSFSGYLLTES/EVEAFTALLTTPHPAVGEPVKFDKLLYNGKNVYDPATGIFTVKTEGVYLFSFTLYVYGNDLLVELMKNDTPVLKQYLQNVNGKINSVSGSAVLKLKKGDKVYVKIPSSSANGLYASPTNHSYFSGYLLTPL,215,-9.210340371976182
0,0.0001,0.6116981,0.49363866,TTEAFTALLTTPNPAVGTPIKFDKVITNSGNVYDPATGIFTCKTPGVYLFSFTLYVYGNNLHAQLMKNDTPVLNVYLENVNGKLNSVSGSAVLKLEEGDKVYVKIPSSSANGLYASATAHSYFSGYLLTEL/TVEAFTALLTTPNPPVGVPVKFNTLTYNGRNVYNPATGIFTVKTPGLYLFSWTLYVYGNDLLAVLYKNDTAIKNVYLQNVNGKINSVSGSAILELKPGDKIYIKIPSSSANGLYASSDNHSSFSGYLLTES/EVEAFTALLTTPHPAVGEPVKFDKLLYNGKNVYDPATGIFTVKTEGVYLFSFTLYVYGNDLLVELMKNDTPVLKQYLQNVNGKINSVSGSAVLKLKKGDKVYVKIPSSSANGLYASPTNHSYFSGYLLTPL,215,-9.210340371976182
0,0.0001,0.6116981,0.49363866,TTEAFTALLTTPNPAVGTPIKFDKVITNSGNVYDPATGIFTCKTPGVYLFSFTLYVYGNNLHAQLMKNDTPVLNVYLENVNGKLNSVSGSAVLKLEEGDKVYVKIPSSSANGLYASATAHSYFSGYLLTEL/TVEAFTALLTTPNPPVGVPVKFNTLTYNGRNVYNPATGIFTVKTPGLYLFSWTLYVYGNDLLAVLYKNDTAIKNVYLQNVNGKINSVSGSAILELKPGDKIYIKIPSSSANGLYASSDNHSSFSGYLLTES/EVEAFTALLTTPHPAVGEPVKFDKLLYNGKNVYDPATGIFTVKTEGVYLFSFTLYVYGNDLLVELMKNDTPVLKQYLQNVNGKINSVSGSAVLKLKKGDKVYVKIPSSSANGLYASPTNHSYFSGYLLTPL,215,-9.210340371976182
0,0.0001,0.6116981,0.49363866,TTEAFTALLTTPNPAVGTPIKFDKVITNSGNVYDPATGIFTCKTPGVYLFSFTLYVYGNNLHAQLMKNDTPVLNVYLENVNGKLNSVSGSAVLKLEEGDKVYVKIPSSSANGLYASATAHSYFSGYLLTEL/TVEAFTALLTTPNPPVGVPVKFNTLTYNGRNVYNPATGIFTVKTPGLYLFSWTLYVYGNDLLAVLYKNDTAIKNVYLQNVNGKINSVSGSAILELKPGDKIYIKIPSSSANGLYASSDNHSSFSGYLLTES/EVEAFTALLTTPHPAVGEPVKFDKLLYNGKNVYDPATGIFTVKTEGVYLFSFTLYVYGNDLLVELMKNDTPVLKQYLQNVNGKINSVSGSAVLKLKKGDKVYVKIPSSSANGLYASPTNHSYFSGYLLTPL,215,-9.210340371976182
0,0.001,0.61853814,0.47582698,TTEAFTALLTTANPAVGEPIKFDKVIENSGNVYDPATGIFTVKKPGIYLFNWVGYVYGANLHVELMLNDTPIVKSYLENIPGKLNQVSGSAIIELKEGDKVYLKIPSSSANGLYASATADSYFSGYLLTEL/TVEAFTAKLTTPHPAVGQPIKFDKLIYNGKNVYDPATGIFTCKTPGLYLFNWVLYVYGNDLYVQLMKNDTAVKNVYLQNIPGKINQVSGSAILKLKEGDKVYLKIPSSSANGLYASADNDSYFSGYLLTES/MVEAFTALLTTPHPAVGTPVKFNKLVYNGQNVYDPATGIFTCKTPGIYLFNFVAYVYGADLLLELMKNDTPILKRYLQNIPGKINQVSGSAVLKLEVGDKVYVKIPSAAANGLYASPDNHSYFSGYLLTEL,209,-6.907755278982137
0,0.001,0.61853814,0.47582698,TTEAFTALLTTANPAVGEPIKFDKVIENSGNVYDPATGIFTVKKPGIYLFNWVGYVYGANLHVELMLNDTPIVKSYLENIPGKLNQVSGSAIIELKEGDKVYLKIPSSSANGLYASATADSYFSGYLLTEL/TVEAFTAKLTTPHPAVGQPIKFDKLIYNGKNVYDPATGIFTCKTPGLYLFNWVLYVYGNDLYVQLMKNDTAVKNVYLQNIPGKINQVSGSAILKLKEGDKVYLKIPSSSANGLYASADNDSYFSGYLLTES/MVEAFTALLTTPHPAVGTPVKFNKLVYNGQNVYDPATGIFTCKTPGIYLFNFVAYVYGADLLLELMKNDTPILKRYLQNIPGKINQVSGSAVLKLEVGDKVYVKIPSAAANGLYASPDNHSYFSGYLLTEL,209,-6.907755278982137
0,0.001,0.6185382,0.47582698,TTEAFTALLTTANPAVGEPIKFDKVIENSGNVYDPATGIFTVKKPGIYLFNWVGYVYGANLHVELMLNDTPIVKSYLENIPGKLNQVSGSAIIELKEGDKVYLKIPSSSANGLYASATADSYFSGYLLTEL/TVEAFTAKLTTPHPAVGQPIKFDKLIYNGKNVYDPATGIFTCKTPGLYLFNWVLYVYGNDLYVQLMKNDTAVKNVYLQNIPGKINQVSGSAILKLKEGDKVYLKIPSSSANGLYASADNDSYFSGYLLTES/MVEAFTALLTTPHPAVGTPVKFNKLVYNGQNVYDPATGIFTCKTPGIYLFNFVAYVYGADLLLELMKNDTPILKRYLQNIPGKINQVSGSAVLKLEVGDKVYVKIPSAAANGLYASPDNHSYFSGYLLTEL,209,-6.907755278982137
0,0.001,0.6185382,0.47582698,TTEAFTALLTTANPAVGEPIKFDKVIENSGNVYDPATGIFTVKKPGIYLFNWVGYVYGANLHVELMLNDTPIVKSYLENIPGKLNQVSGSAIIELKEGDKVYLKIPSSSANGLYASATADSYFSGYLLTEL/TVEAFTAKLTTPHPAVGQPIKFDKLIYNGKNVYDPATGIFTCKTPGLYLFNWVLYVYGNDLYVQLMKNDTAVKNVYLQNIPGKINQVSGSAILKLKEGDKVYLKIPSSSANGLYASADNDSYFSGYLLTES/MVEAFTALLTTPHPAVGTPVKFNKLVYNGQNVYDPATGIFTCKTPGIYLFNFVAYVYGADLLLELMKNDTPILKRYLQNIPGKINQVSGSAVLKLEVGDKVYVKIPSAAANGLYASPDNHSYFSGYLLTEL,209,-6.907755278982137
0,0.001,0.6185382,0.47582698,TTEAFTALLTTANPAVGEPIKFDKVIENSGNVYDPATGIFTVKKPGIYLFNWVGYVYGANLHVELMLNDTPIVKSYLENIPGKLNQVSGSAIIELKEGDKVYLKIPSSSANGLYASATADSYFSGYLLTEL/TVEAFTAKLTTPHPAVGQPIKFDKLIYNGKNVYDPATGIFTCKTPGLYLFNWVLYVYGNDLYVQLMKNDTAVKNVYLQNIPGKINQVSGSAILKLKEGDKVYLKIPSSSANGLYASADNDSYFSGYLLTES/MVEAFTALLTTPHPAVGTPVKFNKLVYNGQNVYDPATGIFTCKTPGIYLFNFVAYVYGADLLLELMKNDTPILKRYLQNIPGKINQVSGSAVLKLEVGDKVYVKIPSAAANGLYASPDNHSYFSGYLLTEL,209,-6.907755278982137
0,0.001,0.6185382,0.47582698,TTEAFTALLTTANPAVGEPIKFDKVIENSGNVYDPATGIFTVKKPGIYLFNWVGYVYGANLHVELMLNDTPIVKSYLENIPGKLNQVSGSAIIELKEGDKVYLKIPSSSANGLYASATADSYFSGYLLTEL/TVEAFTAKLTTPHPAVGQPIKFDKLIYNGKNVYDPATGIFTCKTPGLYLFNWVLYVYGNDLYVQLMKNDTAVKNVYLQNIPGKINQVSGSAILKLKEGDKVYLKIPSSSANGLYASADNDSYFSGYLLTES/MVEAFTALLTTPHPAVGTPVKFNKLVYNGQNVYDPATGIFTCKTPGIYLFNFVAYVYGADLLLELMKNDTPILKRYLQNIPGKINQVSGSAVLKLEVGDKVYVKIPSAAANGLYASPDNHSYFSGYLLTEL,209,-6.907755278982137
0,0.001,0.6185382,0.47582698,TTEAFTALLTTANPAVGEPIKFDKVIENSGNVYDPATGIFTVKKPGIYLFNWVGYVYGANLHVELMLNDTPIVKSYLENIPGKLNQVSGSAIIELKEGDKVYLKIPSSSANGLYASATADSYFSGYLLTEL/TVEAFTAKLTTPHPAVGQPIKFDKLIYNGKNVYDPATGIFTCKTPGLYLFNWVLYVYGNDLYVQLMKNDTAVKNVYLQNIPGKINQVSGSAILKLKEGDKVYLKIPSSSANGLYASADNDSYFSGYLLTES/MVEAFTALLTTPHPAVGTPVKFNKLVYNGQNVYDPATGIFTCKTPGIYLFNFVAYVYGADLLLELMKNDTPILKRYLQNIPGKINQVSGSAVLKLEVGDKVYVKIPSAAANGLYASPDNHSYFSGYLLTEL,209,-6.907755278982137
0,0.001,0.6185382,0.47582698,TTEAFTALLTTANPAVGEPIKFDKVIENSGNVYDPATGIFTVKKPGIYLFNWVGYVYGANLHVELMLNDTPIVKSYLENIPGKLNQVSGSAIIELKEGDKVYLKIPSSSANGLYASATADSYFSGYLLTEL/TVEAFTAKLTTPHPAVGQPIKFDKLIYNGKNVYDPATGIFTCKTPGLYLFNWVLYVYGNDLYVQLMKNDTAVKNVYLQNIPGKINQVSGSAILKLKEGDKVYLKIPSSSANGLYASADNDSYFSGYLLTES/MVEAFTALLTTPHPAVGTPVKFNKLVYNGQNVYDPATGIFTCKTPGIYLFNFVAYVYGADLLLELMKNDTPILKRYLQNIPGKINQVSGSAVLKLEVGDKVYVKIPSAAANGLYASPDNHSYFSGYLLTEL,209,-6.907755278982137
0,0.001,0.6185382,0.47582698,TTEAFTALLTTANPAVGEPIKFDKVIENSGNVYDPATGIFTVKKPGIYLFNWVGYVYGANLHVELMLNDTPIVKSYLENIPGKLNQVSGSAIIELKEGDKVYLKIPSSSANGLYASATADSYFSGYLLTEL/TVEAFTAKLTTPHPAVGQPIKFDKLIYNGKNVYDPATGIFTCKTPGLYLFNWVLYVYGNDLYVQLMKNDTAVKNVYLQNIPGKINQVSGSAILKLKEGDKVYLKIPSSSANGLYASADNDSYFSGYLLTES/MVEAFTALLTTPHPAVGTPVKFNKLVYNGQNVYDPATGIFTCKTPGIYLFNFVAYVYGADLLLELMKNDTPILKRYLQNIPGKINQVSGSAVLKLEVGDKVYVKIPSAAANGLYASPDNHSYFSGYLLTEL,209,-6.907755278982137
0,0.001,0.6185382,0.47582698,TTEAFTALLTTANPAVGEPIKFDKVIENSGNVYDPATGIFTVKKPGIYLFNWVGYVYGANLHVELMLNDTPIVKSYLENIPGKLNQVSGSAIIELKEGDKVYLKIPSSSANGLYASATADSYFSGYLLTEL/TVEAFTAKLTTPHPAVGQPIKFDKLIYNGKNVYDPATGIFTCKTPGLYLFNWVLYVYGNDLYVQLMKNDTAVKNVYLQNIPGKINQVSGSAILKLKEGDKVYLKIPSSSANGLYASADNDSYFSGYLLTES/MVEAFTALLTTPHPAVGTPVKFNKLVYNGQNVYDPATGIFTCKTPGIYLFNFVAYVYGADLLLELMKNDTPILKRYLQNIPGKINQVSGSAVLKLEVGDKVYVKIPSAAANGLYASPDNHSYFSGYLLTEL,209,-6.907755278982137
0,0.01,0.6141871,0.48091602,TVEAFTALLTTPHPAVNEPIKFDKVITNTGNVYDPATGIFTCKKPGIYLFNFQLYVYGANLHAQLMKNDTPILNTYLENVPGKLNSVSGSAILELKEGDKVYVKIPSSSANGLYAAADAHSYFSGYLLTEL/EVEAFTALLTTPHPPVGVPVKFDKLIYNGQNVYDPATGIFTCKTPGLYLFNFQLYVYGDDLHVQLMLNDTPIMNVKLQNVPGKINSVSGSAILELKEGDKVWIKIPSASANGLYASANNHSYFSGYLLTES/MKEAFTALLTTPNPAVGTPVKFNKLIYNGRNVYDPATGIFTVKTPGIYLFNFQMYVYGNDLLVELMVNDTPVLKQYLQNVPGKINSVSGSAVIKLNVGDKVYVKIPSSSANGLYASSTNHSYFSGYLLTEL,209,-4.605170185988091
0,0.01,0.6144695,0.48091602,TTEAFTALLTTPHPAVNEPIKFDKVITNSGNVYDPATGIFTCKKPGIYLFNFQLYVYGANLHAQLMKNDTPILNTYLENVPGKLNSVSGSAILELKEGDKVYVKIPSSSANGLYAAADAHSYFSGYLLTEL/EVEAFTALLTTPHPPVGVPVKFDKLIYNGQNVYDPATGIFTCKTPGLYLFNFQLYVYGDDLHVQLMLNDTPIMNVKLQNVPGKINSVSGSAILELKEGDKVWIKIPSSSANGLYASANNHSYFSGYLLTES/MKEAFTALLTTPNPAVGTPVKFNKLIYNGRNVYDPATGIFTVKTPGIYLFNFQMYVYGNDLLVELMVNDTPVLKQYLQNVPGKINSVSGSAVIKLNVGDKVYVKIPSSSANGLYASSTNHSYFSGYLLTEL,208,-4.605170185988091
0,0.01,0.6145179,0.4783715,TVEAFTALLTTPHPAVNEPIKFDKVITNTGNVYDPATGIFTCKKPGIYLFNFQLYVYGANLHAQLMKNDTPILNTYLENVPGKLNSVSGSAILELKEGDKVYVKIPSSSANGLYAAADAHSYFSGYLLTEL/EVEAFTALLTTPHPPVGVPVKFDKLIYNGQNVYDPATGIFTCKTPGLYLFNFQLYVYGDDLHVQLMLNDTPIMNVKLQNVPGKINSVSGSAILELKEGDKVWIKIPSASANGLYASANNHSYFSGYLLTES/MKEAFTALLTTPNPAVGTPVKFNKVIYNGRNVYDPATGIFTVKTPGIYLFNFQMYVYGNDLLVELMVNDTPVLKQYLQNVPGKINSVSGSAVIKLNVGDKVYVKIPSSSANGLYASSTNHSYFSGYLLTEL,208,-4.605170185988091
0,0.01,0.6145179,0.4783715,TVEAFTALLTTPHPAVNEPIKFDKVITNTGNVYDPATGIFTCKKPGIYLFNFQLYVYGANLHAQLMKNDTPILNTYLENVPGKLNSVSGSAILELKEGDKVYVKIPSSSANGLYAAADAHSYFSGYLLTEL/EVEAFTALLTTPHPPVGVPVKFDKLIYNGQNVYDPATGIFTCKTPGLYLFNFQLYVYGDDLHVQLMLNDTPIMNVKLQNVPGKINSVSGSAILELKEGDKVWIKIPSASANGLYASANNHSYFSGYLLTES/MKEAFTALLTTPNPAVGTPVKFNKVIYNGRNVYDPATGIFTVKTPGIYLFNFQMYVYGNDLLVELMVNDTPVLKQYLQNVPGKINSVSGSAVIKLNVGDKVYVKIPSSSANGLYASSTNHSYFSGYLLTEL,208,-4.605170185988091
0,0.01,0.6147541,0.4783715,TTEAFTALLTTPHPAVNEPIKFDKVITNSGNVYDPATGIFTCKKPGIYLFNFQLYVYGANLHAQLMKNDTPILNTYLENVPGKLNSVSGSAILELKEGDKVYVKIPSSSANGLYAAADAHSYFSGYLLTEL/EVEAFTALLTTPHPPVGVPVKFDKLIYNGQNVYDPATGIFTCKTPGLYLFNFQLYVYGDDLHVQLMLNDTPIMNVKLQNVPGKINSVSGSAILELKEGDKVWIKIPSASANGLYASANNHSYFSGYLLTES/MKEAFTALLTTPNPAVGTPVKFNKVIYNGRNVYDPATGIFTVKTPGIYLFNFQMYVYGNDLLVELMVNDTPVLKQYLQNVPGKINSVSGSAVIKLNVGDKVYVKIPSSSANGLYASSTNHSYFSGYLLTEL,208,-4.605170185988091
0,0.01,0.6147541,0.4783715,TTEAFTALLTTPHPAVNEPIKFDKVITNSGNVYDPATGIFTCKKPGIYLFNFQLYVYGANLHAQLMKNDTPILNTYLENVPGKLNSVSGSAILELKEGDKVYVKIPSSSANGLYAAADAHSYFSGYLLTEL/EVEAFTALLTTPHPPVGVPVKFDKLIYNGQNVYDPATGIFTCKTPGLYLFNFQLYVYGDDLHVQLMLNDTPIMNVKLQNVPGKINSVSGSAILELKEGDKVWIKIPSASANGLYASANNHSYFSGYLLTES/MKEAFTALLTTPNPAVGTPVKFNKVIYNGRNVYDPATGIFTVKTPGIYLFNFQMYVYGNDLLVELMVNDTPVLKQYLQNVPGKINSVSGSAVIKLNVGDKVYVKIPSSSANGLYASSTNHSYFSGYLLTEL,208,-4.605170185988091
0,0.01,0.6166679,0.48346055,TVEAFTALLTTPHPAVGEPIKFDKVITNTGNVYDPATGIFTCKKPGIYLFNFQLYVYGANLHAQLMLNDKPVLNTYLENVPGKLNSVSGSAILELKEGDKVYVKIPSSAANGLYAAADAHSYFSGYLLTEL/EVEAFTALLTTPHPPVGVPVKFDKLIYNGQNVYDPATGIFTCKTPGLYLFNFQLYVYGDDLHVQLMLNDTPIMNVKLQNVPGKINSVSGSAILELKEGDKVWIKIPSASANGLYASANNHSYFSGYLLTES/MKEAFTALLTTPNPAVGTPVKFNKLLYNGRNVYDPATGIFTVKTPGIYLFNFQMYVYGNDLLVELMVNDTPVLKQYLQNVPGKINSVSGSAVIKLNVGDKVYVKIPSSSANGLYASPTNHSYFSGYLLTEL,211,-4.605170185988091
0,0.01,0.61935943,0.4783715,TVEAFTALLTTPHPAVGEPIKFDKVITNTGNVYDPATGIFTCKKPGIYLFNFQLYVYGANLHAQLMKNDTPVLNTYLENVPGKLNSVSGSAILELKEGDKVYVKIPSSSANGLYAAADAHSYFSGYLLTEL/EVEAFTALLTTPHPPVGVPVKFDKLIYNGQNVYDPATGIFTVKTPGLYLFNFQLYVYGDDLHVQLMKNDTPLMNVKLQNVPGKINSVSGSAIIELNAGDKIWLKIPSSSANGLYASANNHSYFSGYLLTEK/MKEAFTALLTTPNPAVGTPVKFNKVIYNGRNVYDPATGIFTVKTPGIYLFNFQMYVYGNDLLVELMVNDTPVLKQYLQNVPGKINSVSGSAVIKLNVGDKVYVKIPSSSANGLYASSTNHSYFSGYLLTEL,208,-4.605170185988091
0,0.01,0.6212478,0.48091602,TTEAFTALLTTPHPAVGEPIKFDKVITNSGNVYDPATGIFTCKKPGIYLFNFQLYVYGANLHAQLMKNDTPILNTYLENVPGKLNSVSGSAILELKEGDKVYVKIPSSSANGLYAAADAHSYFSGYLLTEL/EVEAFTALLTTPHPPVGVPVKFDKLIYNGQNVYNPATGIFTVKTPGLYLFNFQLYVYGDDLHVQLMKNDTPLMTVKLQNVPGKINSVSGSAIINLNAGDKIWVKIPSASANGLYASANNHSYFSGYLLTES/MKEAFTALLTTPNPAVGTPVKFNKLIYNGRNVYDPATGIFTVKTPGIYLFNFQMYVYGNDLLVELMVNDTPVLKQYLQNVPGKINSVSGSAVIKLNVGDKVYVKIPSSSANGLYASSTNHSYFSGYLLTEL,212,-4.605170185988091
0,0.01,0.621977,0.48091602,TTEAFTALLTTPHPAVGEPIKFDKVITNSGNVYDPATGIFTCKKPGIYLFNFQLYVYGANLHAQLMKNDTPVLNTYLENVPGKLNSVSGSAILELKEGDKVYVKIPSSSANGLYAAADAHSYFSGYLLTEL/EVEAFTALLTTPHPPVGTPVKFDKLIYNGQNVYNPATGIFTVKTPGLYLFNFQLYVYGDDLHVQLMKNDTPLMNVKLQNVPGKINSVSGSAIINLNAGDKIWVKIPSSSANGLYASANNHSYFSGYLLTES/MKEAFTALLTTPNPAVGTPVKFNKVLYNGRNVYDPATGIFTVKTPGIYLFNFQMYVYGNDLLVELMVNDTPVLKQYLQNVPGKINSVSGSAVIKLNVGDKVYVKIPSSSANGLYASSTNHSYFSGYLLTEL,210,-4.605170185988091
0,0.1,0.6260038,0.47582698,EVEAFTALLTTANPAVGTPIKFNKLLLNSGNVYDPATGIFTCKTPGIYLFSWVMYVYGGDLHVQLMLNDTPIVNTYLQNINGKLNQVSGTAIIKLKKGDKVYVKIPSSSANGLYAAPDAHSYFSGYLLHPL/EVEAFTALLKTPHPAVGQPIKFDDLVYNGQNVYDPATGIFTVKTPGIYLFSWVLYCYGNDLHAELMLNDTPLMKAYLQNINGKINQVSGTAIVELKEGDKVYIKIPSSSANGLYASADNHSYFSGYLLHPL/DVEAFTALLKTPHPAVGTPVKFDDLIYNGRNVYDPATGVFTVKTPGIYLFSWVGYVYGADLHLALYKNDTPVLKQYLQNINGKINQVSGTAVLKLEVGDKVYVKIPSASANGLYASATNHSYFSGYLLHPL,207,-2.3025850929940455
0,0.1,0.6260982,0.48854962,ETEAFTALLTTANPAVGTPIKFDKLILNSGNVYDPATGIFTCKTPGIYLFSWVMYVYGGDLHVQLMLNDTPVVSTYLQNINGKLNQVSGSAILRLKPGDKVYVKIPSSSANGLYAAPDAHSYFNGYLLTPL/ETEAFTALLKTPHPAVGQPIKFDDLVYNGQNCYDPATGIFTVKTAGIYLFSFVLYCYGNDLHAELMKNDTPVIKAYLQNINGKINQVSGSAILKLEEGDKIYIKIPSASANGLYASADNHSYFSGYLLTPS/EVEAFTALLKTPHPAVGTPVKFDDLLYNGRNVYDPATGVFTVKTPGIYLFSWVGYVYGNDLLLALMKNDTPVLKSYLQNINGKINQVSGSAVLKLEVGDKVYVKIPSSSANGLYASATNHSYFSGYLLTPL,211,-2.3025850929940455
0,0.1,0.62704384,0.49618322,EVEAFTALLTTANPAVGTPIKFNKLILNSGNVYDPATGIFTCKTPGIYLFSWVMYVYGGDLHVQLMLNDTPVVNTYLQNINGKLNQVSGSAILKLKKGDKVYVKIPSSSANGLYASSTAHSYFSGYLLTPL/ETEAFTALLKTPHPAVGQPIKFDDLVYNGQNVYDPATGIFTVKTPGIYLFSWVLYCYGDDLHAELMKNDTPVMKAYLQNINGKINQVSGSAILKLEAGDKVYIKIPSSSANGLYASADNHSYFSGYLLTPS/EVEAFTALLKTPHPAVGEPVKFDSLLYNGRNVYDPATGIFTVKTPGIYLFSWVGYVYGNNLHLVLYKNDTPILRSYLENINGKINQVSGSAVIKLEVGDKVYVKIPSSSANGLYASATNHSYFSGYLLTPL,212,-2.3025850929940455
0,0.1,0.62719923,0.4605598,EVEAFTALLTTANPAVGTPIKFNKLILNSGNVYDPATGIFTCKTPGIYLFSWVMYVYGGDLHVQLMLNDTPIVNTYLQAINGKLNSVSGTAIIKLKPGDKVYVKIPSSSANGLYASSTAHSYFSGYLLTPL/ETEAFTALLKTPHPAVGQPIKFSDLTYNGQNVYDPATGIFTVKTAGIYLFSWVLYVYGDDLHAELMKNDTPVMKAYLQAINGKINSVSGTAILKLEEGDKVYIKIPSASANGLYASADNDSYFSGYLLTPS/EVEAFTALLKTPHPAVGTPVKFDDLIYNGRNVYDPATGVFTVKTAGIYLFSWVGYVYGADLHLVLYKNDTPVKKSYLQAINGKINSVSGTAVLKLEVGDKVYVKIPSASANGLYASATNHSYFSGYLLTPL,209,-2.3025850929940455
0,0.1,0.62731564,0.49618322,EVEAFTALLTTPNPAVGTPIKFDKLILNSGNVYDPATGIFTCKTPGIYLFSWVMYVYGGDLHVQLMLNDTPIVSTYLQNINGKLNQVSGSAILKLNVGDKVYVKIPSSSANGLYAAPDAHSYFSGYLLTPL/ETEAFTALLKTPHPAVGQPIKFDDLTYNGQNVYDPATGIFTVKTPGIYLFSFVLYCYGDDLHAELMLNDTPVIKAYLQNINGKINQVSGSAILELKEGDKVYIKIPSASANGLYASSDNHSYFSGYLLTPS/EVEAFTALLRTPHPPVGEPVKFDSLLYNGRNVYDPSTGVFTVKTPGIYLFSWVGYVYGNNLHLVLYKNDTPVKKSYLENINGKINQVSGSVVLKLEVGDKVYVKIPSSSANGLYASSTNHSYFSGYLLTPL,214,-2.3025850929940455
0,0.1,0.6310334,0.4860051,ETEAFTALLTTANPAVGTPIKFDKLIYNSGNVYDPATGIFTCKTPGIYLFSWVMYVYGGDLHVQLMLNDTPIVNTYLQNINGKLNSTSGSAVIKLKKGDKVYVKIPSSSANGLYASSTAHSYFNGYLLTPL/ETEAFTALLKTPHPAVGQPIKFDDLIYNGQNVYDPATGIFTVKTPGIYLFSWVLYCYGNDLHAELMKNDTPVIKTYLQNINGKINSTSGSAILKLEEGDKVYIKIPSSSANGLYASADNHSYFSGYLLTPS/EVEAFTALLKTPHPAVGTPVKFDSLIYNGRNVYDPSTGVFTVKTAGIYLFSWVGYVYGNNLLLALMKNDTPVLKSYLDNINGKINSTSGSAVLKLEVGDKVWVKIPSASANGLYASATNHSYFSGYLLTPL,210,-2.3025850929940455
0,0.1,0.6311126,0.49363866,ETEAFTALLTTPNPPVGTPIKFDKLILNSGNVYDPATGIFTCKTPGIYLFSWVMYVYGGDLHVQLMLNDTPIVNTYLQNINGKLNQVSGSAILKLKKGDKVYVKIPSSSANGLYASADAHSYFNGYLLTPL/ETEAFTALLTTPHPAVGQPIKFDKLTYNGQNVYDPATGIFTVKTAGIYLFSFVLYCYGNDLHAELMKNDTAVMKAYLQNINGKINQVSGSAILKLNEGDKVYIKIPSASANGLYASADNDSYFSGYLLTPL/SVEAFTALLKTPHPAVGEPVKFDDLLYNGRNVYDPATGVFTVKTPGIYLFSWVGYVYGADLHLVLYKNDTPVKRSYLQNINGKLNQVSGSAVLKLEVGDKVWVKIPSASANGLYASPTAHSYFSGYLLTPL,216,-2.3025850929940455
0,0.1,0.63227946,0.49872774,TVEAFTALLTTANPAVGTPIKFDKLILNSGNVYDPATGIFTCKTPGVYLFSWVMYVYGGDLHVQLMLNDTPVVNTYLQNINGKLNQTSGSAILRLKPGDKVYVKIPSSSANGLYASSDAHSYFSGYLLTPL/ETEAFTALLRTPHPPVGQPIKFDDLVYNGQNVYDPATGIFTVKTAGIYLFSWVLYCYGNDLHAELMKNDTPVMKTYLQNINGKINQTSGSAILKLNEGDKVYIKIPSSSANGLYASADNHSYFSGYLLTPS/EVEAFTALLKTPHPPVGEPVKFSDLLYNGRNVYDPATGVFTVKTPGIYLFSWVGYVYGADLHLVLYKNDTPVLRSYLQNINGKINQTSGSAVLKLEVGDKVWVKIPSASANGLYASATNHSYFSGYLLTPL,218,-2.3025850929940455
0,0.1,0.6332755,0.4783715,EVEAFTALLTTPNPPVGVPIKFDKLLLNSGNVYDPATGIFTCKTPGIYLFSWVMYVYGGDLHVQLMLNDTPIVNTYLQNVNGKLNSVSGSAILKLKKGDKVYVKIPSSSANGLYASSDAHSYFNGYLLTPL/ETEAFTALLKTPHPAVGQPIKFSDLVYNGQNVYDPATGIFTVKTAGIYLFSWVLYCYGDDLHAELMLNDKPLIKAYLQNVNGKINSVSGSAIVELKEGDKVYIKIPSSSANGLYASADNHSYFSGYLLTPS/EVEAFTALLKTPHPAVGTPVKFSDLLYNGRNVYDPATGVFTVKTPGIYLFSWVGYVYGNDLHLVLYKNDTPILRQYLQNVNGKINSVSGSAVLKLEVGDKVYVKIPSASANGLYASSTNHSSFSGYLLTPL,212,-2.3025850929940455
0,0.1,0.64017874,0.48346055,EVEAFTALLTTPNPPVNTPIKFDKLLLNSGNVYDPATGIFTCKTPGIYLFSFVMYVYGGDLHVQLMLNDTPVLNVYLQNINGKLNSVSGSAILKLKKGDKVYVKIPSSSANGLYASSTAHSYFNGYLLTPL/ETEAFTARLKTPHPAVGQPIKFDDLNYNGQNVYDPATGIFTVKTAGIYLFSWVLYCYGDNLHAELMKNDTPLIKAYLENINGKINSVSGSAIVKLNEGDKIYIKIPSASANGLYASADNHSYFSGYLLTPS/EVEAFTALLKTPHPPVGTPVKFSDLLYNGRNVYDPATGVFTVKTPGIYLFSWVGYVYGNDLLLALYKNDTPVLKSYLQNINGKINSVSGSAVLKLEVGDKVWVKIPSASANGLYASATNHSYFSGYLLTPL,212,-2.3025850929940455
0,0.15,0.62176317,0.4860051,EVEAFTALLTTANPAVGTPIKFDKVLENSGNAYDPATGIFTVKKPGIYYFNFVLYVYGANLHVELMKNDTPILKAYLENIPGKLNQVSGSAIIELKEGDKVYLKIPSASANGLYASATAHSYFSGYLLEEL/EKEMFTALLTTPHPAVGQPIKFDKVTENGGNVYDPATGIFTCKTPGLYYFNFVIYVYGDDVHVQLMLNDTPVLNVYLQNIPGKINQVSGSAILKLKKGDKVYLKIPSAAANGAYASANNHSSFSGYLLEES/MVEAFTALLKTPHPAVGEPVKFDSVIYNGKNVYDPNTGIFTCKTPGYYYFNWVLYVYGNDLLAQLMKNDTPIKKEYLQNIPGKINQVSGSAILKLEKGDKVYVKIPSSSANGLYASATAHSYFSGYLLEEL,210,-1.8971199848858813
0,0.15,0.6260353,0.50127226,VTEAFTALLTTPHPAVGTPIKFDKVLHNGGNAYDPATGIFTCKTPGIYVFNWVLYVYGANLHVSLMKNDTPILNTYLENIPGKLNQTSGSAILELQPGDKVYLKIPSSSANGLYASATAHSYFSGWLLTPL/TTEAFTAKLTTPHPAVGQPIKFDKVTYNGGNCYDPATGIFTCKTPGVYVFNFVLYVYGDDLHVQLMLNDTPILNVYLQNIPGKINQTSGSAILELKEGDKVYVKIPSAAANGLYASADNHSYFSGYLLTPT/AVEAFTATLKTPHPAVGTPVKFDGVLYNGQNCYDPATGIFTCKTPGLYVFNYVLYVYGNDLLAELMVNDTPVLKQYLQNIPGKINQTSGSAVLRLEVGDKVYVKIPSSSANGLYASATAHSYFSGYLLTPL,214,-1.8971199848858813
0,0.15,0.62645155,0.49109414,EVEAFTALLTTPNPAVNTPIKFDKVIENSGNAYDPATGIFTVKKPGIYVFNFVLYVYGANLHVELMKNDTPILKTYLENIPGKLNQTSGSAIIELKEGDKVYLKIPSASANGLYASATAHSYFSGYLLEEL/EKEMFTAKLTTPHPPVGQPIKFDKVTYNGGNVYDPATGIFTCKTPGLYVFNFVIYVYGDDVHVQLMKNDTPILNVYLQNIPGKINQTSGSAILRLEEGDKVYLKIPSAAANGAYASADNDSYFSGYLLEES/MVEAFTATLKTPHPAVGEPIKFDNVIYNGKNVYDPNTGIFTCKTPGYYVFNYVLYCYGNDLHVVLMKNDEPILKQYLQNIPGKINQTSGSAVLKLEKGDKVYVKIPSASANGLYASSTAHSYFSGYLLEEL,213,-1.8971199848858813
0,0.15,0.62918085,0.49872774,ETEAFTALLTTPNPAVGTPIKFDKVIENSGNCYDPATGIFTCKTPGIYVFNFVLYVYGGNLHVSLMLNDTPILNAYLENVPGKLNQVSGSAILELKEGDKVYLKIPSSSANGLYASATAHSYFSGYLLTPL/EKEMFTAKLTTPHPPVGQPIKFDKVTYNGGNVYDPATGIFTCKTPGLYVFNFVIYVYGDDVHVQLMKNDTAILNAYLQNVPGKINQVSGSAVLKLNVGDKVYLKIPSAAANGAYASSNNHSYFSGYLLTPT/MVEAFTATLKTPHPAVGTPIKFDGVLYNGKNTYDTSTGIFTCKTPGYYVFNWVIYVYGNDVLVQLMKNDTPILKQYLQNVPGKINQVSGSAVLKLNVGDKVYVKIPSSSANGAYASSTNHSYFSGYLLTPL,213,-1.8971199848858813
0,0.15,0.62941426,0.48091602,TTEAFTALLTTPNPAVGTPIKFDKVIENGGNCYDPATGIFTVKKPGIYFFNWVVYVYGANVHVELMKNDTPVLKSYLENVPGKLNQVSGSAILELEEGDKVYLKIPSASANGAYAAADAHSYFSGWLLTEL/ETEMFTALLDTPHPAVGQPIKFNKVTANGKNVYDPATGIFTCKTPGTYFFNFVIYVYGDDVHVQLMKNDTPILTASLQNVPGKINQVSGSAILKLNEGDKVYLKIPSAAANGAYASANNHSSFSGYLLTES/MVEAFTATLKTPHPAVGEPVKFDNVLYNGKNVYDPSTGIFTCKTPGYYFFNWVLYVYGNDLHAELMKNDTPIKKQYLQNVPGKINQVSGSAVLKLEVGDKVYVKIPSSSANGLYASSTAHSYFSGYLLTEL,210,-1.8971199848858813
0,0.15,0.6307987,0.5063613,TTEAFTALLTTANPAVGTPIKFDKVIENSGNAYDPATGIFTCKTPGIYYFNWVIYVYGANVHVSLMKNDTPVLNTYLENVPGKLNQTSGSAILELKPGDKVYLKIPSASANGAYASATAHSYFSGWLLTEL/ETEAFTAKLTTPHPAVGTPIKFDKVVYNGRNCYDPATGIFTCKTPGLYYFNFVIYVYGDDVFVQLMKNDTAVLNAYLQNVPGKINQTSGSAILKLNPGDKVYLKIPSAAANGAYASANNHSYFSGYLLTES/MVEAFTATLKTPHPAVGEPIKFDGVLYNGKNVYDPATGIFTCKTPGLYYFNWVIYCYGNDVHVVLMKNDEPILKQYLQNVPGKINQTSGSAVLRLEVGDKVYVKIPSSSANGAYASATAHSYFSGYLLTEL,215,-1.8971199848858813
0,0.15,0.63222706,0.49363866,ETEAFTALLTTANPAVGTPIKFDKLIENSGNCYDPATGIFTCKKPGIYVFNFVIYVYGANVHVELMKNDTPILKAYLENIPGKLNQVSGSAILELEKGDKVYLKIPSASANGAYASATAHSYFSGYLLTEL/EKEMFTALLTTPHPAVGQPIKFDKVVANGRNCYDPATGIFTCKTPGLYVFNFVIYVYGADVHVQLMLNDTPILNAYLQNIPGKINQVSGSAVLKLNKGDKVYLKIPSAAANGAYASADNHSSFSGYLLTES/MVEAFTAKLTTPHPAVGEPVKFNEVLYNGKNTYDPNTGIFTCKTPGYYVFNWVLYVYGNDLHAVLMKNDTPIKKEYLQNIPGKINQVSGSAVLKLEKGDKVYVKIPSSSANGLYASADNHSYFSGYLLTEL,212,-1.8971199848858813
0,0.15,0.63454604,0.49363866,TTESFTALLTTPNPAVGTPIKFDKVIENGGNAYDPATGIFTVKKPGIYLFNWVVYVYGANVHVELMKNDTPILKTYLENVPGKLNQTSGSAIIELKEGDKVYLKIPSSSANGAYAAPTAHSYFSGYLLTEL/ETEAFTAKLTTPHPAVGQPIKFDKVVYNGGNVYDPATGIFTCKTPGTYLFNFVLYVYGDDLHVQLMKNDTPILNVYLQNVPGKINQTSGSAILKLNAGDKVYLKIPSAAANGLYASADNDSYFSGYLLTES/MVEAFTATLKTPHPAVGTPIKFDGLIYNGKNVYDPATGIFTCKTPGLYLFNWVLYCYGNNLHAVLMKNDTPILKQYLENVPGKINQTSGSAVLRLEVGDKVYVKIPSSSANGLYASATAHSYFSGYLLTEL,208,-1.8971199848858813
0,0.15,0.63761234,0.48854962,ETEAFTALLTTPNPAVGEPIKFDKVIENSGNCYNPATGIFTCKKPGIYLFQFVIYVYGANVHVELMKNDTPILKAYLENVPGKLNQVSGSAIIELKEGDKVYLKIPSASANGAYASSTAHSYFSGYLLTEL/EVEAFTAKLTTPHPAVGQPIKFDKVVYNGGNCYDPATGIFTCKTPGLYLFQFVVYVYGDDVHVQLMLNDTPILNAYLQNVPGKINQVSGSAILKLKEGDKVYLKIPSAAANGAYASANNHSYFSGYLLTES/SVEAFTATLHTPHPAVGEPIKFNGLIYNGKNCYDPSTGIFTCKTPGLYLFQWVLYVYGNDLLAQLMKNDEPILKQYLQNVPGKINQVSGSAVLRLEVGDKVYVKIPSSSANGLYASATAHSYFSGHLLTEL,207,-1.8971199848858813
0,0.15,0.6395796,0.47328246,TVEAFTALLTTANPAVNTPIKFDTVIENSGNAYNPATGIFTCKKPGIYLFNWVVYVYGANVHVELMKNDTPILKSYLENVPGKLNQVSGSAILELEEGDKVYLKIPSASANGAYAAATAHSYFSGWLLEEL/EKEMFTAKLTTPHPAVGQPIKFNKVVANGRNCYDPATGIFTCKTPGIYLFNWVIYVYGDDVHVQLMKNDTAIKNFYLQNVPGKINQVSGSAILKLEKGDKVYLKIPSASANGAYASANNDSYFSGYLLEET/MVEAFTATLKTPHPAVGEPVKFDGVLYNGRNCYDPSTGIFTCKIPGYYLFNWVLYVYGNDLLAQLMKNDTPILNQYLQNVPGKINQVSGSAIIKLEVGDKVYVKIPSSSANGLYASATAHSYFSGYLLEEL,207,-1.8971199848858813
0,0.2,0.6308598,0.47582698,TTEAFTALLTTPHPPVGQPIKFDKVILNSGNVYDPATGIFTVKTEGIYLFSFVLYCYGADLHVELMLNDKPILKVYLQNVDGKLNQTSGSAILKLKKGDKVYLKIPSSAANGLYASPDAHSYFSGYLLTKL/TTEAFTAKLTTPHPAVGTPIKFSDVVYNGQNVYNTATGIFTVKTPGIYLFSFVLYCYGDDLFAVLYKNNTPVLKVKLENVPGKINQTSGSAILELKEGDKVYIKIPSSSANGLYASANNHSYFSGYLLTKS/EVEAFTALLKTPNPAVGTPVKFNDLIYNGQNVYDPATGIFTCKTPGIYLFSWVGYCYGNDLLVELMKNDTPILKTYLQNVPGKINQTSGSAIIKLNVGDKVYVKIPSAAANGLYASPDNHSYFSGYLLTKL,211,-1.6094379124341003
0,0.2,0.63449705,0.48091602,ETEAFTALLTTPHPAVGTPIKFDKVVLNSGNVYDPATGIFTVKKPGIYLFTFTLYCYGGDLHASLMLNDTPILNVYLQNIPGKLNQTSGSAILELKPGDKVYIKIPTSSANGLYASADAHSYFSGQLLTEL/TTEAFTAKLTTPHPAVGTPIKFDKITYNGQNVYNPATGVFTVKKAGIYLFTWTLYCYGDDLLAELMKNDTAVKKVKLENIPGKINQTSGSAILKLEEGDKVYVKIPSASANGLYASSNNDSYFSGYLLTES/EVEAFTALLTTANPAVGVPVKFNKLTYNGRNCYDPATGIFTCKVPGVYLFTWTGYVYGNDLLVELMKNDTPVLKTYLQNIPGKINQTSGSAVLKLEVGDKVYVKIPSSSANGLYASATNHSYFSGYLLTEL,210,-1.6094379124341003
0,0.2,0.6375768,0.48854962,VMEAFTALLTTPHPPVGVPIKFDKVVYNGGNVYDPATGIFTCKKPGIYLFSFSLYVYNGDLHAELMLNDTPILKVYLQNIDGKLNQVSGSAILELKPGDKVYVKIPSAAANGLYASATAHSYFSGYLLTEL/EVEAFTAKLTTPHPAVGTPIKFDKVVYNGGNVYDPATGIFTVKTPGVYLFSWSLYVYGDDLLAQLMKNDTPIITAKLQNIDGKINQVSGSAVLKLEEGDKVYIRIPSSSANGLYASANNDSFFNGYLLTES/EVEAFTATLTTANPAVGAPVKFNKLTYNGRNVYDPATGIFTCKTPGVYLFSFSGYVYGNDLLLELMKNDTPILKVYLQNIPGKINQVSGSAVIKLEVGDKVYVKIPSASANGLYASADNHSYFSGYLLTEL,212,-1.6094379124341003
0,0.2,0.6386801,0.49872774,VTEAFTALLTTPHPAVGTPIKFDSLVTNSGNVYDPATGIFTVKTPGVYYFTWTLYCYGNDLHVELMLNDTPVLKTYLQNVPGKLNQTSGSAILELKEGDKVYLKIPSSSANGLYAAATAHSYFSGYLLTEL/ETEAFTAKLTTPHPAVGTPIKFDKVTYNGQNVYDPATGIFTVKKAGLYYFTWTLYVYGDNLLANLYKNDTAIKTTYLENVPGKINQTSGSANLVLNEGDKVYVKIPSSSANGLYASSDNDSYFSGYLLTEL/EVEAFTALLTTPNPAVGTPVKFNKLIYNGKNVYDPATGIFTCKTPGVYYFTFTAYVYGNNLLVELMKNDTPVLKVYLENVPGKINQTSGSAILKLEVGDKVYVKIPSANANGLYASSTNHSYFSGFLLTEL,214,-1.6094379124341003
0,0.2,0.6418286,0.4605598,TKEAFTALLTTPNPPVNQPIKFDKVITNSGNVYDPSTGIFTCKTPGIYFFTFRLYCYGNDLHASLMLNDTPILNVYLQNVPGKLNSTSGSAIIELKKGDKVYIKIPSSSANGLYASATAHSYFSGFLLTEL/EVEAFTAKLTTANPAVGTPIKFNKVVYNGQNVYDPATGIFTVKTAGLYFFTWRLYCYGDNLDAVLYKNDTPIIKTRLENVPGKINSTSGSAVLELEEGDKVYIKIPSSSANGLYASANNDSYFSGYLLTEK/EVEAFTATLKTAHPAVGKPVKFNNLIYNGKNTYDPATGIFTCKTAGVYFFTWRMYVYGNNLLVELMKNDTPILKEYLENVPGKINSTSGSAIIKLEVGDKVYVKIPSSSANGLYASADNHSYFSGYLLTEL,197,-1.6094379124341003
0,0.2,0.64573735,0.4707379,TVEAFTALLTTPHPAVGTPIKFDKVVTNSGNVYDPATGIFTVKTPGIYLFQFTLYCYGGDLHVELMLNDTPILKVYLENIDGKLNQTSGSAILELKEGDKVYLKIPSASANGLYASATAHSYFSGYLLTEL/ETEAFTAKLTTPHPAVGVPIKFDKVTYNGQNVYDPATGIFTVKTAGLYLFQWTLYCYGDDLLAELMKNDTPVIKARLQNIDGKINQTSGSAVLELAVGDKVWVKIPSSSANGLYASADNDSYFSGYLLTES/AVEAFTATLKTANPAVGTPVKFDKLVYNGKNVYDPATGIFTCTTPGIYLFQFTMNVYGNDLLVELMVNDTPILKVYLQNIPGKINQTSGSAIIKLNVGDKVYVKIPSASANGLYASADNDSYFSGYLLTEL,207,-1.6094379124341003
0,0.2,0.64686316,0.49363866,TTEAFTALLTTPHPAVGTPIKFDSIIENSGNVYDPATGIFTCKTPGVYYFQFTLYCYGNDLHASLMLNDTPILNVYLENIDGKLNSTSGSAILELQPGDKVYIKIPSSSANGLYASATAHSFFSGFLLTPL/ETEAFTAKLTTPHPAVGTPIKFDKVIYNGQNVYDPATGIFTVKTPGTYYFQWTLYCYGDNLLAQLYKNNTAVKTVRLDNIDGKINSTSGSAILELKEGDKVYVKIPSSSANGLYASSDNDSYFSGYLLTPS/AVEAFTALLTTPNPAVGTPVKFNKLIYNGQNCYDPATGIFTCKTPGVYYFQFTMYVYGNNLLVELMKNDTPLLKAYLENIPGKINSTSGSAVIKLNVGDKVYVKIPSSSANGLYAAPDNHSYFSGYLLTPL,214,-1.6094379124341003
0,0.2,0.6469141,0.48346055,ETEAFTALLTTPHPPVGTPIKFDKLITNSGNVYDPATGIFTCKTPGVYLFTFSLYCYGADLHASLMLNDTPILNVFLQYVDGKLNQVSGSAVIELKEGDKVYIKIPSSSANGLYASSDAHSYFSGVLLTEL/TTEAFTAKLTTPHPAVGTPIKFDKVVYNGQNVYDPATGIFTVKTAGLYLFTWSLYCYGDDLYAVLYKNDTPIIKVKLDYVPGKINQVSGSAILKLNEGDKVYVKIPSSSANGLYASADNDSFFNGWLLTES/EVEAFTATLKTPNPAVGAPVKFNDLVYNGKNVYDPATGIFTCKTPGVYLFTFSMYVYGNNLLVELMKNDTPVLKVYLDYVPGKINQVSGSAVLKLNVGDKVYVKIPSAAANGLYASSTNHSYFSGYLLTEL,211,-1.6094379124341003
0,0.2,0.64726454,0.48854962,ETEAFTALLTTSHPPVGVPIKFDKVITNSGNVYDPATGIFTVKTPGVYLFQWVLYVYGGDLHAELMLNDTPILKTYLQNIPGKLNSVSGSAILPLKKGDKVYIKIPSSSANGLYASATTHSYFSGYLLTEL/EMEAFTALLTTPHPAVGTPIKFDKVTYNGQNVYNTSTGIFTCKTPGLYLFQWVLYCYGDNLHAVLYKNDTAVVTTSLENIPGKINSVSGSAVLKLEEGDKVYVKIPSSSANGLYASADNDSSFSGYLLTES/EVEAFTATLTTANPAVGVPVKFNKLVYNGKNVYNPATGIFTCKTPGVYLFQWVGYVYGNDLLVELMKNDTAIKKVYLENIPGKINSVSGSAIIKLNVGDKVYVKIPSASANGLYASSNNHSYFSGYLLTEL,208,-1.6094379124341003
0,0.2,0.6506909,0.48346055,ETEAFTALLTTPHPAVGTPIKFDKVILNSGNVYDPATGVFTVKTPGVYFFSFVLYCYGGDLHASLMKNSTAILNVYLQNVPGKLNQTSGSAILELQPGDKVYIKIPSSSANGLYASSTAHSYFSGYLLTPL/ETEAFTALLTTPNPAVGTPIKFDKVIYNGQNVYDPNTGIFTVKTPGVYFFSWVLYTYGNDLYAVLYKNDTPVIKAKLQNVPGKINQTSGSAILKLEEGDKVYIKIPSSSANGLWASADNHSYFSGYLLTPS/SVEAFTATLKTANPAVGAPVKFDNLVYNGQNVYDPATGIFTCKTPGIYFFSWVGYCYGNDLLLELMKNDTALLKTYLQNVPGKINQTSGSAVVKLNVGDKVYVKIPSAAANGLYASSTNHSYFSGYLLTPL,212,-1.6094379124341003
0,0.25,0.6373375,0.49618322,VVEAFTALLTTANPAVGTPVKFDKMILNSGNAYDPSTGIFTCKKPGIYKFSFVLYVYGNNLHAQLYLNDTPIKNVYKENINGKLNSASGSAILKLKEGDKVYVKIPSASANGLYAAADAHSYFSGYLLYEL/TKEAFTALLTTPHPAVGEPIKFSSLIYNGGNVYDPATGVFTCKTPGIYKFSWVINVYGDNLYVELMLNDTPVMKVKLDNINGKINSASGSAILELKEGDKVWLKIPTSSANGAYASSDNHSSFSGYLLYES/EVEAFTALLTTAHPAVGQPVKFDKLLYNGQNVYDPATGIFTCRTPGVYKFSWVGYVYGDNLWLELMVNDTPLVKTYLDNINGKINSASGSAVVRLEEGDRVWVRIPSSSANGLYASANNHSSFSGYLLYEL,215,-1.3862943611198906
0,0.25,0.637702,0.50127226,ETEAFTALLTTANPAVGTPVKFDKLIYNGGNCYDPATGIFTCKKPGVYFFSFVLYCYGGDLHAQLYLNDTPKLNVYLQNVNGKLDSASGSAILKLKEGDKVYIKIPSAAANGLYAAKDAHSYFSGYLLTEL/EKEAFTALLTTPHPPVGQPIKFSDLIYNGQNVYDPNTGIFTCKTPGIYFFSWVMYCYGDDLYVELMLNDKPIMKVYLQNVNGKIDSASGSAILKLEAGDKVYVKIPTSSANGLYASSDNHSSFSGYLLTES/EVEAFTALLTTAHPAVGTPIKFNKLLYNGQNVYNTSTGVFTVKTAGIYFFSWVMYVYGNDLLVELMKNDTALVKTYLQNVNGKLDSASGSAVVKLNVGDKVWVKIPSAAANGAYAAADAHSSFSGYLLTEL,213,-1.3862943611198906
0,0.25,0.64076185,0.5038168,VTEAFTALLTTANPAVNTPVKFNSLIYNGGNTYDPATGIFTCKTPGVYVFSFVLYVYGDDLWAALYKNSTPVKYVYQQNVDGKLNSASGSAILKLNVGDKVYVKIPSSSANGLYASATAHSYFSGYLLTPL/TVEAFTALLTTPNPAVGTPVKFNTLNYNGGNVYDPATGIFTVKTPGIYVFSFVLYCYGDDLYAELMLNDTPVIKVYLQNVDGKINSASGSAILELKEGDKVYVKIPSSSANGLYASSDNHSSFSGYLLTPS/ETEAFTALLTTPHPAVGAPVKFDKLLYNGQNVYNPATGIFTVKTAGIYVFSFVGYVYGDNLLLELMKNDTAVIKTYLENVDGKINSASGSAILKLEVGDKVWVKIPSAAANGLYAAPTADSSFSGYLLTPL,215,-1.3862943611198906
0,0.25,0.6418875,0.49618322,TTEAFTALLTTPNPAVGTPVKFDKLLLNSGNAYDPSTGIFTCKTPGIYLFSWVLYCKGKDLWASLMLNDTPIKNVYLQNVDGKLNSVSGSAILKLKEGDKVWVKIPSSSANGLYAAADAHSYFSGYLLEET/VMEAFTALLTTPHPAVGQPIKFNNLIYNGGNVYDPATGIFTCKTPGIYLFSFVLYVYGDNLYVELMLNDKPLIKMYLENVDGKINSVSGSAILELKEGDKVYVKIPSASANGLYASSDNHSSFSGYLLEES/EVEAFTALLTTANPAVGQPVKFNKLLYNGQNVYNPSTGIFTCKTPGVYLFSWVGYVYGNDLLVELMKNDTPLVKSYLENVDGKINSVSGSAIIELKEGDKVYVKIPSSSANGLYASSTNDSSFSGYLLEEL,211,-1.3862943611198906
0,0.25,0.6424716,0.5038168,EMEAFTALLTTAHPAVGEPIKFDKLVENSGNCYDPATGKFTCKKPGVYRFSFVLYVYGGDLHVQLMLNNTPVLNVYLENVNGKLNQVSGSAILKLKEGDEVWLKIPTSSANGLYAAANAHSYFSGYLLKEL/EMEAFTALLTTPHPAVGQPIKFSSMVYNGQNVYDPATGIFTCKTPGLYRFSFVLYVYGNNLYVELMKNDTPVMKFYLENVNGKINQVSGSAILKLEEGDKVWVKIPTSSANGLYASSDNHSSFSGYLLKES/EVEAFTALLTTAHPAVGTPVKFNKLLYNGQNVYDPATGIFTCKTPGIYRFSWVGYVKGADLLLELMKNDTPVIKSYLQNVNGKINQVSGSAVIKLEVGDKVYVKIPSAAANGLYASATNHSSFSGYLLKEL,214,-1.3862943611198906
0,0.25,0.64460295,0.49109414,VVEAFTALLTTANPAVGTPVKFDKILENSGNTYDPATGIFTCKTPGIYLFNFVLYVYGKDLHAALMKNNTPILNVYQQNVNGKLNSASGSAILPLNVGDKVYIKIPSAAANGLYAASDAHSYFSGYLLHEL/TMEAFTALLTTPHPAVGEPIKFNTLIYNGQNVYDPATGIFTCKTPGLYLFNWVIYVYGNNLHVELMLNDTPLIKVKLDNVNGKINSASGSAILKLNEGDKVYLKIPTSSANGAYASSDNHSSFSGYLLHES/AVEAFTALLTTPNPAVGQPVKFNKLLYNGQNVYDPATGIFTCKTAGVYLFNWVGYVYGNNLLLELMKNDTPIVKTYLDNVNGKINSASGSAVIKLDVGDKVWVKIPSSSANGLYASPDNHSSFSGYLLHEL,213,-1.3862943611198906
0,0.25,0.64490616,0.4783715,EVEAFTMLLTTANPAVGQPVKFNTVIYNGGNAYDPSTGIFTCKKPGIYLFSFVLYVKGKDLHAQLMLNDTPIKNVYLQNIDGKLNSASGAAILELKEGDKVWIKIPSADANGLYAAADAHSYFSGYLLYEK/TKEAFTALLTTPHPAVGEPIKFSSLIYNGQNVYDPATGIFTCKTAGIYLFSWVVYVYGNDVYVELMLNDTPLIKVRLENIDGKINSASGAAILKLNPGDKVYLKIPSSSANGLYASSDNHSYFSGYLLYES/DVEAFTALLTTANPAVGTPVKFDKLLYNGQNVYDPATGIFTCKTEGIYLFSWVGYVYGKDLLLELMKNDTALTKTYLQNIDGKINSASGAAIIKLKVGDKVWVKIPSSSANGLYASADNHSSFSGYLLYEL,208,-1.3862943611198906
0,0.25,0.6537376,0.47328246,EVEAFTFLLTTPNPAVGTPVKFNKKIINSGNAYNPATGKFTCKKPGIYLFNWVIYVYGNNAHVQLMLNSTPIKNVYLENVNGKLNSASGSAILKLKEGDEVYVQIPSSSANGAYAAADAHSYFSGYLLTEL/TKEAFTALLTTPHPAVGEPIKFNTLIYNGQNVYDPATGIFTVKTPGIYLFNFVINVYGDNLYVELMLNDTPVIKVKLDNVNGKINSASGSAILKLNVGDKVYIKIPTASANGAWASSDNHSSFSGYLLTES/DVEAFTALLTTPNPAVGEPVKFDKLLYNGQNVYDPSTGVFTCKTKGIYLFNWVGYVKGNDLLLELMKNDTPIVKTYLQNVNGKINSASGSAIIKLEEGDKVWVKIPSSSANGLYASADNHSSFSGYLLTEL,206,-1.3862943611198906
0,0.25,0.66158676,0.49363866,TVEAFTALLTTANPAVGVPVKFNTLLENSGGRYDPATGIFTCKTAGVYLFQWVLYVKGKNLHAQLYKNNTPVKNVYLENVNGKLNSASGSAILKLNVGDKVYVKIPSSSANGLYASSNAHSYFSGYLLTKL/TVEAFTALLNTPNPAVGQPIKFNELIYNGGNVYDTATGIFTCKTAGIYLFQWVVYVYGDNLWVELMKNDKPLMKVYLENVNGKINSASGSAIIKLEEGDKVYLKIPTSSANGAYASSDNHSYFSGYLLTKS/SVEAFTALLTTAHPAVGTPVKFNKLLYNGQNVYDPSTGIFTCKTPGIYLFQWVGYVKGDNLLLELMKNDTPLIKTYLENVNGKINSASGSAIIKLEVGDKVYVKIPSAAANGLYASPNNHSSFSGYLLTKL,211,-1.3862943611198906
0,0.25,0.6618219,0.5089058,EVEAFTALLTTANPAVGTPVKFNKMLYNGGNCYDPATGIFTCKKPGVYLFQWVLYCYGKDLHAALMKNDTPVKYVYLENVSGKLNSASGSAILKLEEGDKVWVKIPSSSANGLYAAADTHSYFSGYLLTET/EKEAFTALLTTPHPAVGQPIKFSQLVYNGQNVYDPATGIFTCKTPGIYLFQWVLYVYGDNLYVELMLNNKALMKVYLENVSGKINSASGSAILKLKEGDKVYVKIPSASANGLYASSDNHSSFSGYLLTES/ETEAFTALLKTAYPAVGQPVKFNVLLYNGRNVYNPATGVFTCKIPGVYLFQWVGYVYGNDLHLVLMKNDTPLLRTYLQNVSGKINSASGSAVVKLEVGDKVYVMIPSSSANGLYASSTNDSSFSGYLLTEL,215,-1.3862943611198906
0,0.3,0.63761944,0.4605598,VVEAFTALLTTPHPAVGAPIKFSKLIYNSGNAYDPATGIFTCKKPGVYHFSWVLYVYGGDLHASLMLNDTPVLNTYLENIDGKLNSVSGSAILPLKVGDKVYIKIPTAAANGLYAAPDAHSYFSGYLLTEL/TTEAFTALLKTPNPAVGVPIKFSDLTYNGQNVYDPNTGIFTVKTPGIYHFSFVLYVYGNDLYVELMKNDTPIIKFKLQNIDGKINSVSGSAIIELKEGDKVYVKIPSASANGLYASADNHSYFSGYLLTET/ETEAFTATLTTAHPAVGAPIKFNTLLYNGQNVYDTSTGIFTVKTKGIYHFSWVAYVYGADLHVELMKNDTPILKSYLENIDGKINSVSGSAVVKLDVGDKIYVKIPSAAANGLYASTTNHSYFSGYLLTEL,209,-1.2039728043259361
0,0.3,0.64037806,0.45801526,EVEAFTYLLTTPNPAVGTPIKFNKAIENSGNAYNPATGIFTCTKPGVYLFNWTMYVYGKDLHVSLMLNSTPILNSYLQNVDGKLNSVSGSAILKLNQGDKVYLMIPSSAANGLYASSTTHSYFTGYLLTEL/VTEAFTALLTTPHPPVGQPIKFSSLTYNGGNVYDPATGVFTVKTPGLYLFNFTLYVYGNDLLVQLMKNDTAVLTVRLQNVDGKINSVSGSAILELKEGDKVYVKIPTAAANGLYASSNNHSYFSGYLLTES/ETEAFTAQLTTPHPAVGEPIKFDKLIYNGQNVYDPATGVFTVKTPGIYLFNFTGYVYGADLLVELMKNDTPVLKQYLDNVDGKINSVSGSAVLKLNVGDKIYVKIPSAAANGLYASATNHSYFSGYLLTEL,204,-1.2039728043259361
0,0.3,0.6468718,0.4707379,ETEAFTALLTTPNPEVGKPIKFSSIIENSGSAYDPSTGIFTCKKPGVYFFNWTLYCFGKDLHAQLYLNDTPLLNTYLQYVDGKLNSASGSAIVELKEGDKVWIKIPSAAANGLYAASDAHSYFSGFLLTEL/VTEAFTALLTTPHPAVGTPIKFDKLVYNGGNVYDPATGVFTVKTPGLYFFNWTLYVYGDDLHAELYKNDTAVIKVKLDYVDGKINSASGSAILKLKEGDKVYVKIPSAAANGLYASAENHSSFSGFLLTES/DTEAFTAKLTTPHPAVGAPIKFDTLIYNGQNAYDTATGIFTCKTPGLYFFNWTGYCYGADLHLVLYKNDTPILKTYLQYVDGKINSASGSAIVKLDVGDKVWVKIPSASANGLYASSTNHSYFSGYLLTEL,207,-1.2039728043259361
0,0.3,0.64750683,0.50127226,TVEAFTALLTTPNPAVGQPIKFDKLLYNGGNRYNPATGIFTCKTPGVYLFNWTLYVYGKDLHAALYLNDTPILNTYLQNIDGKLNSASGSAIVRLQPGDKVYIKIPSASANGLYAAADAHSYFSGYLLTPL/TTEAFTALLKTPHPPVGVPIKFDTLVYNGGNVYDPNTGIFTVKTAGVYLFNFTLYVYGDNLHAELMKNDTPILKVYLENIDGKINSASGSAILKLSEGDKVYVKIPSAAANGLYASENNHSSFSGYLLTPT/DTEAFTATLTTANPAVGEPIKFDKIIYNGQNVYDPATGIFTVKTPGIYLFNWTGYCYGNNLLVELMKNDTPILKSYLENIDGKINSASGSAVIKCNVGDKIWVKIPSANANGLYASSTNHSYFSGYLLTPL,219,-1.2039728043259361
0,0.3,0.65349156,0.4605598,ETEAFTALLTTPHPAVGTPIKFSSLIENSGNAYDPATGIFTCKKPGVYLFNWTLYVYGEDLHAQLMLNDTPLLNSYLENVEGKLNSVSGSAIVKLKKGDKVYIKIPSAAANGLYAASDAHSYFTGYLLTEA/VTEAFTALLTTPNPAVGVPIRFDKLVYNGRNVYDPATGIFTVKTPGLYLFNWTLYVKDNDLHVELMKNDTAVKKFKLQNVEGKINSVSGSAILKLKEGDKVYLKIPSSAANGLWASEDNHSSFSGYLLTES/EVEAFTATLTTPHPPVGTPIKFSTLIYNGQNTYDTSTGVFTCKTPGIYLFNWTGYVYNNDLLVELMKNDTPILKSYLENVEGKINSVSGSVVLKLEVGDKVWVKIPSASANGLYASATAHSYFSGYLLTEL,206,-1.2039728043259361
0,0.3,0.6557477,0.48346055,TTEAFTALLTTANPAVNTPIKFDKLIENSGNTYDPATGIWTCKTPGVYLFNWVLYVYGNDLHAALYLNDTPLLYSYLEYVEGKLNSVSGSAIVSLQPGDKVYIKIPSAAANGLYASSDAHSYFSGYLLTPL/VTEAFTALLRTPHPAVGQPIKFDDIVYNGGNVYDPATGIFTVKTPGLYLFNWVLYCYEDDVHVVLYKNDTPIIKVKLDYVEGKINSVSGSAVINLKEGDKVYLKIPSSAANGLYASPDNHSSFSGYLLTPS/ATEAFTALLTTPHPAVGTPIKFSTLLYNGNNVYDTSTGIFTCKTPGIYLFNWVMYVYGADLLVELMKNDTPIRKEYLEYVEGKINSVSGSAVLELNEGDKIWVKIPSASANGLYASSTNHSYFSGYLLTPL,213,-1.2039728043259361
0,0.3,0.65760845,0.46564886,EVEAFTALLTTPHPAVNVPIKFNKLILNSGGAYNPATGIFTCKKAGLYHFEWTLYVYGADLHAVLYKNDTPVLKSRLENVEGKLNSVSGSAILELQPGDKVYIKIPSSDANGLYASSTTHSYFSGYLLKEL/TIEAFTALLTTPHPAVGQPIKFDQLTYNGQNVYDPATGVFTVKTPGIYHFEWTLYVYGNDLLAQLMKNDTAVITVKLDNVEGKINSVSGSAILELKEGDKVWVQIPTSAANGLYASENNHSSFSGYLLKEL/SVEAFTATLTTPHPAVGEPIKFDKLLVNGQNVYDPATGIFTVKTPGIYHFEWTGYVYGNNLHVELMKNDTPILKQYLENVEGKINSVSGSAVLKLNVGDKIYVKIPSASANGLYASADNHSYFSGYLLKEL,210,-1.2039728043259361
0,0.3,0.65763116,0.45547074,TTEAFTALLTTPNPAVNTPIKFNSLIENSGNCYDPSTGIFTCKTPGVYYFNWTLYVYGADLHASLMLNDTPILNVYGQNIDGKLNSVSGSAIIKLKEGDKVYIMIPSTAANGLYAAPNAHSYFSGFLLSKL/ITEAFTALLQTPHPPVGQPIKFSSLTYNGGNVYDPSTGIFTVKTPGLYYFNFTLYVYGNDLYVELYKNDTPILKFYLQNIDGKINSVSGSAIIKLSVGDKVYIKIPTSSANGLYASADNHSSFSGFLLSKS/ETEAFTATLTTAHPAVGAPIKFNNLIYNGQNVYDTSTGVFTCKTEGVYYFNWTGYVYGANLLVELMKNDTPIKKEYLENIDGKINSVSGSAVVKLKVGDKVYVKIPSAAANGLYASATNHSYFSGYLLSKL,205,-1.2039728043259361
0,0.3,0.65914816,0.49363866,TVEAFTALLTTPHPAVGTPIKFTELIENSGNAYDPNTGIFTCKTPGVYLFQWVLYVYGDDLHAQLYLNDTPILNTYLQYIDGKLNQVSGSAIVELKEGDKVYIMIPSAAANGLYAAADAHSYFSGYLLYPL/TVEAFTALLKTPHPAVGVPIKFDELVYNGGNVYDPATGIFTVKTPGIYLFQWVGYVYGNDLYVELMKNDTAIKKFRLQYIDGKINQVSGSAIIKLNAGDKVYLQIPSSAANGLWASEDAHSYFSGYLLYPT/DVEAFTALLTTPHPEVGAPIKFDKLIYNGKNVYDTATGIFTCKTPGIYLFQFVMYCWGNDLLVELMKNDTPIMKRYLEYIDGKINQVSGSAIIKLNVGDKVWVKIPSSNANGLYASSTNHSYFSGYLLYPL,219,-1.2039728043259361
0,0.3,0.67118764,0.47328246,ETEAFTALLTTPHPAVGVPIKFDKLITNSGNCYDPATGIFTCKQPGVYLFSWTLYVYGADLHAALMLNDTPLLNSYLQNVDGKLNSVSGSAIVELEVGDKVYVMIPTAAANGLYAAADTHSFFSGWLLVPK/TVEAFTALLTTPHPPVGQPIKFDKIIYNGGNVYDPATGIFTVKTPGLYLFSWTLYVYGDNLHAELMKNDTPIVKFSLDNVDGKINSVSGSAVVELEEGDKVYVMIPTADANGLYASPDNHSYFSGYLLVPK/DVEAFTATLTTPHPAVGVPVKFDTLIYNGQNVYDPATGVFTCKTPGIYLFSFTAYVYGADLHVELMKNDTPILKQYLQNVDGKLNSVSGSAVVKLEVGDKVYVKIPSADANGLYAAATTHSYFSGYLLVPL,213,-1.2039728043259361
0,0.4,0.6769705,0.4860051,ETEAFTALLTTPYPAVGTPIKFNKMILNSGNVYDPATGIFTCKTAGIYYFSWRIYCYGADVHVVLMKNDTPILNERLQYVPGKLNSTSGSAVLKLNEGDKVYVKIPSSSANGAYAAPTAHSYFAGHLLTKL/VVEAFTALLKTPHPPVGQPIKFDKLLYNGRNVYDPATGIFTCKTPGIYYFSFRLNVYGADLHAMLMKNDTPVIYVRLQYVPGKINSTSGSAILKLNEGDKVYIMIPTSSANGLYASADNDSYFSGFLLTKT/EVEAFTALLTTPHPAVGAPIKFNKLLYNGKNVYDPSTGIFTVKTPGIYYFSYRIYVYGANAHVELMKNDTPLLKEFLEYVPGKLNSTSGSAIVELNEGDKIYVKIPSASANGAYASPNAHSYFSGYLLTPL,210,-0.916290731874155
0,0.4,0.68266636,0.5114504,TPEAFTALLTTPHPAVGEPIKFDKLIYNGGNAYNPATGIFTVKTPGIYLFSFVLYCYGGDLHVYLMKNDTPILSVKLEAVDGKINQTSGSAIIELKPGDKVYLKIPSSSANGLYASATNHSSFSGYLLYAL/VIEAFTALLTTPHPPVGVPIKFNKLVYNGRNVYNPATGIFTCKTPGIYLFSWVVYTYGDDVHVQLMKNNTPIKNSYLQAVDGKINQTSGSAILKLEKGDKVYLKIPSSSANGAWASADNHSYFSGYLLYAS/MVEAFTALLTTPNPAVGQPIKFNELIYNGKNVYDTSTGVFTVKTPGVYLFSWVLYVKDNNLLAELMKNDTAIVKQYLEAVDGKLNQTSGSAIVKLQVGDKVWVKIPSEAANGLYASADAHSYFSGYLLYPL,218,-0.916290731874155
0,0.4,0.6864652,0.49109414,TVEAFTALLTTPNPAVGEPVKFDKLIENSGSAYDPATGVFTCKTPGIYHFQFRLYCYGADLHAVLMLNDTPILNIKLENIPGKLNSTSGSAILKLNPGDKVYVKIPSASANGLYASADTHSYFSGHLLTEL/VTEAFTALLTTPRPPVGQPIKFDKLIYNGRNVYDPATGIFTCKTPGLYHFQWRLYVKGQDLHAELMLNDTPVLKTYLQNIPGKINSTSGSAILKLKEGDKVWIKIPSSSANGLYASPENHSYFSGWLLTES/QVEAFTALLTTAHPAVGVPVKFDQLLYNGKNTYNPATGIFTVQTPGIYHFQWRIYVKDADVHVELMKNDEAIMKEYLENIPGKLNSTSGSAVLKLQVGDKVWVKIPTAEANGLYAASDAHSYFSGYLLTPL,211,-0.916290731874155
0,0.4,0.70346,0.5114504,IVEAFTALLTTANPAVGQPVKFDKLIYNGGNVYDPATGIFTCKTPGIYLFQWQMYVYGKNLHVVLYKNDTPIQNMYLENVPGKLNQVSGSAILELQPGDKVYVKIPSSSANGLYAAEGAHSYFSGYLLYEK/TVEAFTALLTTPHPAVGVPIKFNKLIYNGKNVYNPATGIFTCKTPGIYLFQFQVYVYGNNVHVELMKNDTPVIKAYLENVPGKINQVSGSAILVLEEGDKVYLKVPTSSANGVYASPNNHSYFSGYLLYET/DVEAFTALLTTPHPAVGTPIKFDKLIYNGKNVYDPSTGIFTVKTPGLYLFQFQIYVYGNNVHVQLYKNDTPIINEFLENVPGKVNQVSGSAVINLEVGDKVWVKIPSSEANGAFASATNHSYFSGYLLYEL,219,-0.916290731874155
0,0.4,0.7049589,0.48091602,QTEAFTALLTTPHPAVGTPVKFSKLILNSGNAYDPATGIFTCKTPGIYLFTWVMYCYGADLHVQLMLNDTAITNMRLDNVPGKLNQVSGSAIIKLTEGDKVYVKIPSATANGLYASSDAHSYFSGALLTPL/ATEAFTALLKTSHPPVGQPIKFSNMIYNGRNVYNVDTGIFTCKIPGIYLFTWVINTYGQDTHVVLMKNDTPIKNSYLQNVPGKINQVSGSAILELKEGDKVYLKIPSATANGAYASSDNHSYFSGYLLTPL/EVEAFTALLTTAHPAVGTPIKFNTLVYNGKNVYNTATGIFTVKTAGVYLFTWVAYVYGNNLHIELMKNSTPIMKQYLENVPGKLNQVSGSAVVKLEVGDQVWVQIPSAAANGLYAAPTAHSYFSGYLLTPL,210,-0.916290731874155
0,0.4,0.70754266,0.4707379,TVEAFTALLTTPHPPVGQPIKFSSLIYNGGNAYDPATGIFTCKTPGLYYFQFVLYCYNNDLHVALMLNDTPILNVYLQNIPGKLNSTSGTAILELAVGDKVYIKCPSSSANGLYASSTTHSSFSGFLLFEL/EMEAFTALLTTPHPPVGQPIKFDKMIYNGNNVYDPATGIFTCQKAGIYYFQWVINVYGDNVHVQLMKNDTPIKNSYLENIPGKINSTSGTAILSLKEGDKVYIKIPSASANGAYASKDNHSYFSGFLLFES/KTEAFTALLTTSNPAVGSPIKFSNLLYNGNNTYDTSTGIWTVKTPGIYYFQFVLYVYGNDLHAELYKNDTPIIKRKLQNIPGKVNSTSGTAVLKLNVGDKVYVRIPSAAANGLYASATNHSYFSGFLLFPL,203,-0.916290731874155
0,0.4,0.7172891,0.45292622,TVEAFTALLTTPHPAVGQPIKFDKIVTNTGNAYDPATGIFTCKTPGLYFFSWQLYCYGADLHVVLMLNDTPVVHQYLQYIPGKLNSTSGAAILKLEKNDKVYVKIPSSSANGLWAAANAHSFFSGYLLSAL/EVEAFTALLTTPHPPVGVPIKFDKLIYNGRNVYDPATGIFTVKTPGLYFFSWQLYVYEDDLWAQLMKNDTPIKSTFLQYIPGKINSTSGAVVLQCSSGDKIYIKIPTSSANGLYASADNHSYFSGFLLSAT/MVEAFTALLDTPYPAVGTPIKFNNLLYNGQNTYNTATGVWTVKTPGIYFFSWQLYVYGNDLHAQLMKNSTALIKDYLEYIPGKINSTSGAAVVKAAVGDQIWVQIPSAAANGLYASPDAHSSFSGYLLSPL,203,-0.916290731874155
0,0.4,0.72028816,0.45801526,VTEAFTAKLTTPNPAVGTPVKFNKLLLNSGGAYDPATGIFTCKTPGIYEFSYVLYCYGADLHVQLMLNDTPILKRYLQHVPGKLNSTSGTAIVKLNVGDKVYVKIPSSSANGLYASADAHSYFSGRLLTKT/EPEAFTALLKTPHPPVGEPIRFDNLIYNGLNVYNPATGIWTCKVSGIYEFSWVLYVYGDDLLAKLMKNDTPVLTTRLQHVPGKINSTSGTAILKLEEGDKVYIKIPSADANGLYASPSNHSYFSGKLLTKL/PVEAFTALLTTPNPAVGTPVKFDKLIYNGKNVYDTSTGVFTVKTAGIYEFSWVMYVYGNDLWVELMKNDTAVMKDFLQHVPGKTNSTSGTAVLKLEVGDKVYVKIPSSSANGLYAAADAHSFFSGWLLTPL,201,-0.916290731874155
0,0.4,0.7336942,0.4860051,VTEAFTLLLTTPHPPVGEPIKFNEVIENSGNCYDPATGIFTCKTPGIYRFDFVLYCYNDDLHVELMLNDTPIYKVYLQNIPGKLNQASGSAIVELKEGDKVYLKIPSATADGLYASATTHSSFSGYLLDAL/EVEAFTALLRTPHPPVGEPIKFDKILYNGRNVYDPATGIFTCKTPGLYRFDWVLYCYGDDLDVQLMLNDTPILRTKLQNIPGKINQASGSALLRLNEGDKVWLKNPSPSANGVWASATNDSSFSGYLLDAG/SVEAFTALLTTPHPAVGEPIKFDSLIYNGKNVYDPNTGIFTVKTPGIYRFDYVLYVQDNDLLAELMKNNEALIKTYLENIPGKINQASGSAVVKLNVGDKVYVKIPSSSANGLYAATNNHSYFSGWLLDAL,210,-0.916290731874155
0,0.4,0.7717329,0.45801526,EVEAFTALLLTPHPAVGQPVKFSKLRTNSGKAYDPATGVFTCKTPGIYFFAWVMYCYGGDLHYQLMLNDTPIVNGYLQNIDGKLNSTSGAAILRLSEGDKVWIKIPTADANGLYASSTTHSYFSGFLLESL/RIEAFTALLKTPHPPVGQPIRFDQLVYNGRNVYDPATGIWTCKTPGLYFFAFVAYVYGDDLHLVLMKNDTPVITSRLQNIDGKINSTSGAAILKLAPGDKVWLKIPSTSANGLYASADNHSFFSGFLLESA/SIEAFTALLTTGNPTVGAPVKFSTLLFNGKNVYNTATGVFTVKCPGVYFFAWVFYVYGNDLLVELMKNDTAVLKSYLENIDGKINSTSGAAILELNVGDKVYVKIPSEAANGLYASSNAHSYFSGFLLEEL,201,-0.916290731874155
0,0.5,0.7455535,0.45038167,EVEAFTALLTTANPAVGTPVKFSSLVLNSGNRYDTATGIFTCKKPGIYKFEWELYVKGQNLLASLMLNDTPVLRTELDAVAGKLNQVSGSAILELKEGDKVYIRIPSASANGLYAAADAHSYFTGHLLDEI/TTEAFTALLTTAHPAVGQPVAFSKVVYNGRNVYNPATGIFTVKTPGIYKFEWELYVKDANLHAELMLNDKPLIKTFLEAVAGKINQVSGSAILKLKQGDKVYIKIPSADANGLYASADNHSYFSGWLLDET/MKEAFTAALKTAYPAVGSPIKFDKLFYNGQNVYDPSTGIWTVKVEGIYKFEFELYVYGADAHVVLYKNEQPVLKRYLEAVAGKINQVSGSAVIKCKVGDKVYVKIPTSSANGVYANETADSYFSGYLLDEL,202,-0.6931471805599453
0,0.5,0.7489484,0.4707379,EVEAFTALLETAAPAVGTPVKFTKMRINSGNAYNPTTGIFTCKTPGVYSFAWNLYVKGGNLHAALMLNDTAKSKVFLEAIAGKLNSVSGSAILKLNKGDKVYVKIPSASANGLYASAENHSYFSGHLLKKE/VVEAFTALLDTANPPVGVPVKFDKVIYNGGGVYDPATGIWTCKTPGIYSFAWNLYVYGANLHAVLMKNNTAELYTRLDAIAGKINSVSGSLILKLTAGDKVYVQIPTADANGLWASANAHSFFSGYLLKKS/SVEAFTYLLTTPHPAVGAPIKFNKVLYNGQNVYDPATGVFTVKTPGVYSFAWNIYVKGDDALVALMKNDTALIKQYLQAIAGKINSVSGSAIVKLNVGDKVYVKIPSASADGVYASADAHSYFSGYLLKKL,215,-0.6931471805599453
0,0.5,0.77416503,0.45547074,VTEAFTALLTTANPAVGTPVKFSSMVYNGGNVYDSATGIFTCRTPGVYYFNWDAYVSGANLHLALMKNGTAIVNTYLQAVPGKLNQTSGSANILLNVGDRVYIKIPSANANGLFAAADAHSFFSGWLLSTQ/VTEAFTALLKTSNPAVGVPVKFSDITYNGGNVYNPATGIFTIKTPGLYYFNWDLYVYGNDLDAALYKNDTAVTKTRLAAVPGKINQTSGSAILKLEKGDKIYILIPTASANGLWASADSHSYFSGWLLSTS/SAEAFTALLDTPHPAVGEPIKFNKLIYNGNNVYDPNTGIFTCKTAGIYYFNFDMYVYGNNAHVELMKNDTPIYKRYLDAVPGKLNQTSGSAIIELKVGDKVYVKIPSTSANGVWAAPTAHSYFSGYLLSTL,203,-0.6931471805599453
0,0.5,0.78130466,0.4707379,EVEAFTMLLTTANPAVGSPVKFNTVIENSGNRYNPATGIFTCQTPGVYLFQWQAYVYGDNLHISLMLNDTAKVKAKLDAIGGKLNQVSGSAVLELQPGDKVYLKIPSASANGLYAAPDAHSYFSGYLLAPL/TVEAFTALLQTPHPAVGTPVKFDKITYNGGNVYDPSTGIFTVKTPGRYLFQWQIYVYNNNVLAYLYKNSTPILKGFLEAIGGKLNQVSGSAILTLTAGDKIWIKIPTATADGFAASANNDSWFSGYLLAPS/ATEAFTALLTTAHPAVGAPIKFNELLYNGRNVYDPATGIFTCSTPGIYLFQWQLYVYGNNLHAVLMKNDTAVKRVYLEAIGGKLNQVSGSAVIKLSVGDRVYVKVPTASANGVFASPSAHSYFSGYLLAPT,211,-0.6931471805599453
0,0.5,0.78384715,0.4605598,TVEAFTYLLTTANPPVGQPVKFSTAIHNSGNTYNPKTGIFTCKTPGIYYFEWAMYVYKDNLHVELYVNDTPILKVFLDAIPGKLNQVSGSVVVELNVGDKVYLKIPSSSANGLYAAASNHSFFSGYLLTSL/EAEMFTALLTTANPAVGTPIKFSTVVTNGRNVYNTSTGVFTVKTPGIYYFEWALYVLGSDLHAVLYKNDTALYNTFAEAIPGKINQVSGSAILELSEGDKIYVKVPSATANGVYASATNHSWFSGYLLTSS/EIEAFTALLTTPNPAVNTPIKFDKLVYNGGNIYDPSTGIFTCKTAGYYYFEFAMYVYGNNLLLSLMKNDTPLLKVYLDAIPGKLNQVSGSAVVKLKVGDKVYVKIPSASANGLYAGPTADSYFSGYLLTSL,206,-0.6931471805599453
0,0.5,0.7934043,0.49618322,STEAFTAQLTTPNPAVGTPVKFNSLLYNGRNCYDPATGIFTCRIPGVYVFAWHAYVYGNDLHVVLYKNDKAIVNLYADHVPGKISSTSGTAILELEPGDKVYLKIPSSSANGLYAAATAHSTFSGWLLHRL/EIEAFTALLTTPNPAVGTPVKFSKVNYNGRNVYDPATGVWTCVTPGVYVFAWHLYVYGDDLHAALYKNSTAMLTSYLQHVPGKISSTSGTAVLELAAGDKVWVKIPSSSANGLYASSQNHSYFSGYLLHRL/QMEAFTALLDVPHPAVGTPIKFNKLLHNGKDVYNPETGVFTCRTPGVYVFAFHIYVYGNDLLVALMKNDEELLKKYLQHVPGKISSTSGTVILELKVGDKVYVKIPSSSANGAYASETAHSFFSGYLLHRL,214,-0.6931471805599453
0,0.5,0.7986828,0.47328246,LVEAFTYLLTTSNPPVGQPIKFNDAIYNSGNAYNPSSGIFTCKKPGVYLFQWSMYVYGDNLHVALYKNNTAIVNVYQEYITGKLNSVSGSAVIKLRPGDRVYLKIPSTSANGLFAASDAHSYFTGYLLEEL/TMEAFTALLTKPYPAVGVPIKFDKISVNGRNVYDPATGIWTVKIPGIYLFQWSLYVYRNNLHAHLMLNDKPILSTKLDYITGKINSVSGSAILKLNEGDKVYIKIPTSDANGIYASSENHSYFSGYLLEES/EIEAFTALLNTPHPAVGEPIKFNKLVFNGKNVYDPTTGIFTCKTPGIYLFQFSMYVYGNDLLVELYVNDEPKMKIYLQYITGKINSVSGSIVLELKVGDKVYIKIPSSSANGLYAASYADSYFSGYLLEEL,205,-0.6931471805599453
0,0.5,0.8015486,0.43256998,KTEAFTYLLTSANPAVGTPVKFTTAITNSGNNYGATTGIFTVKTPGVYFFNWRAYCYGQNLHLVLYKNSTAVVNVRLDWIPGKLNSVSGSAVLELSAGDKVYVKIPSEKANGLYAAATAHSYFSGFLLTKT/TVEAFTALLKTANPAVGTPVKFDEVTYNGQNVYNPNTGIFTVKTPGLYFFNFRLYCYNANLHAVLYKNTTPVINAYLQWIPGKINSVSGSAILELNEGDKVYVKIPAATANGLYASQDNHSYFNGFLLTKS/KTEAFTYLLTTANPAVGSPIKFSDVLYNGKNVYNPATGIWTVKTAGVYFFNWRLYVYGNDAWVSLMKNDKPILKEYLQWIPGKLNSVSGSAIIKCEVGDEIYIMSPSASANGVYAAPSAHSYFNGFLLTKL,198,-0.6931471805599453
0,0.5,0.8132275,0.44783714,AVEAFTAILTTANPAVGTPVKFSDIVLNSGGCYDPSTGKFTCKRAGLYRFTWHLYVYGDNLLAVLYKNDTPIVKVYQEYIPGKLNNVSGSAIIELEEGDEVWIKIPSASANGLYASAEAHSYFSGYLLEEL/LMEAFTALLRTANPAVGQPVKFDNVTYNGQNVYNPATGIWTCKKAGIYRFTVHLYVYGDDLLAQLMVNDNPLLKLRLDYIPGKINNVSGSAVVKLQPGDKVYVVIPTSSANGLYASTDNHSYFSGYLLEEL/MVEAFTALLTTATPAVGEPIKFNVLIANGRNVYNPNTGIFTAKIKGIYRFTWHIYVYGNNALVFLYKNDNPILKEYLDYIPGKINNVSGSCIIELEEGDKVYVKVPSSSANGVYASADNHAYFSGYLLEEL,197,-0.6931471805599453
0,0.5,0.8301766,0.46310434,TKEAFTYQLTTAAPAVNTPVKFNGAIYNGGNTYDAATGIFTCKKAGIYLFAWQFYVQGANLHVSLYKNDTAIVKSYLEAIQGKLNSVSGSAIIALEEGDKVYVKIPTAAANGLYASATNHSFFSGHLLYEL/EREAFTALLKTPHPASGVPVKFDNLIYNGGNVYDPNTGIFTVKTPGVYLFAWQSYVYGQNLHVVLYKNDTPLLTSKLDAIQGKINSVSGSAIVQLSVGDKVYLKIPSQNANGLFASETNHSFFSGYLLYES/AIEAFTALLTQSHPAVGQPIKFNTLTYNGNNIYNPNTGIFTCKTPGVYLFAYQMYVYGDDAHVALMKNQTPLLKQYLQAIQGKINSVSGSANIYLNVGDKVYIKIPSASANGVWAEKDAHSYFSGFLLYEK,206,-0.6931471805599453
