chain_id,res_no,res,aa,value
C,1,GLU,E,0.0
C,2,THR,T,0.0
C,3,THR,T,0.0
C,4,VAL,V,0.0
C,5,THR,T,0.0
C,6,GLN,Q,0.0
C,7,SER,S,0.0
C,8,PRO,P,0.0
C,9,ALA,A,0.0
C,10,SER,S,0.0
C,11,LEU,L,0.0
C,19,VAL,V,0.0
C,20,THR,T,0.0
C,21,ILE,I,0.0
C,22,ARG,R,0.0
C,23,CYS,C,0.0
C,24,ILE,I,0.0
C,25,THR,T,0.0
C,26,SER,S,0.0
C,27,THR,T,0.0
C,28,ASP,D,0.0
C,29,ILE,I,0.0
C,30,ASP,D,61.54707990655438
C,31,ASP,D,1.027878850772126
C,32,ASP,D,18.216311373539966
C,33,MET,M,0.0
C,34,ASN,N,0.0
C,35,TRP,W,0.0
C,36,TYR,Y,0.0
C,37,GLN,Q,0.0
C,38,GLN,Q,0.0
C,39,LYS,K,0.0
C,40,PRO,P,0.0
C,41,GLY,G,0.0
C,42,GLU,E,0.0
C,43,PRO,P,0.0
C,44,PRO,P,0.0
C,45,ARG,R,0.0
C,46,LEU,L,0.0
C,47,LEU,L,0.0
C,48,ILE,I,0.0
C,49,SER,S,0.0
C,50,ASP,D,33.91074066033727
C,51,GLY,G,0.0
C,52,ASN,N,0.0
C,53,THR,T,0.0
C,54,LEU,L,0.0
C,55,ARG,R,0.0
C,56,PRO,P,0.0
C,57,GLY,G,0.0
C,58,VAL,V,0.0
C,59,PRO,P,0.0
C,60,SER,S,0.0
C,61,ARG,R,0.0
C,62,PHE,F,0.0
C,63,SER,S,0.0
C,64,SER,S,0.0
C,65,SER,S,0.0
C,66,GLY,G,0.0
C,67,TYR,Y,50.10702052398962
C,68,GLY,G,0.0
C,69,THR,T,0.0
C,70,ASP,D,0.0
C,71,PHE,F,0.0
C,72,VAL,V,0.0
C,73,PHE,F,0.0
C,74,THR,T,0.0
C,80,SER,S,0.0
C,81,GLU,E,0.0
C,82,ASP,D,0.0
C,83,VAL,V,0.0
C,84,ALA,A,0.0
C,85,ASP,D,0.0
C,86,TYR,Y,0.0
C,87,TYR,Y,0.0
C,88,CYS,C,0.0
C,89,LEU,L,0.0
C,90,GLN,Q,0.0
C,91,SER,S,0.0
C,92,ASP,D,11.991936680835586
C,93,ASN,N,6.945194277514645
C,94,LEU,L,0.0
C,95,PRO,P,0.0
C,96,TYR,Y,0.0
C,97,THR,T,0.0
C,98,PHE,F,0.0
C,99,GLY,G,0.0
C,100,GLY,G,0.0
C,101,GLY,G,0.0
C,102,THR,T,0.0
C,103,ASN,N,0.0
C,104,LEU,L,0.0
C,108,ARG,R,0.0
C,109,ALA,A,0.0
C,110,ASP,D,0.0
C,111,ALA,A,0.0
C,112,ALA,A,0.0
C,113,PRO,P,0.0
C,114,THR,T,0.0
C,115,VAL,V,0.0
C,116,SER,S,0.0
C,117,ILE,I,0.0
C,118,PHE,F,0.0
C,119,PRO,P,0.0
C,120,PRO,P,0.0
C,121,SER,S,0.0
C,122,SER,S,0.0
C,123,GLU,E,0.0
C,124,GLN,Q,0.0
C,125,LEU,L,0.0
C,126,THR,T,0.0
C,127,SER,S,0.0
C,128,GLY,G,0.0
C,129,GLY,G,0.0
C,130,ALA,A,0.0
C,131,SER,S,0.0
C,132,VAL,V,0.0
C,133,VAL,V,0.0
C,134,CYS,C,0.0
C,135,PHE,F,0.0
C,136,LEU,L,0.0
C,137,ASN,N,0.0
C,138,ASN,N,0.0
C,139,PHE,F,0.0
C,140,TYR,Y,0.0
C,141,PRO,P,0.0
C,142,LYS,K,0.0
C,143,ASP,D,0.0
C,144,ILE,I,0.0
C,145,ASN,N,0.0
C,146,VAL,V,0.0
C,147,LYS,K,0.0
C,148,TRP,W,0.0
C,149,LYS,K,0.0
C,150,ILE,I,0.0
C,151,ASP,D,0.0
C,157,ASN,N,0.0
C,158,GLY,G,0.0
C,159,VAL,V,0.0
C,160,LEU,L,0.0
C,161,ASN,N,0.0
C,162,SER,S,0.0
C,163,TRP,W,0.0
C,164,THR,T,0.0
C,165,ASP,D,0.0
C,166,GLN,Q,0.0
C,167,ASP,D,0.0
C,168,SER,S,0.0
C,169,LYS,K,0.0
C,170,ASP,D,0.0
C,171,SER,S,0.0
C,172,THR,T,0.0
C,173,TYR,Y,0.0
C,174,SER,S,0.0
C,175,MET,M,0.0
C,176,SER,S,0.0
C,177,SER,S,0.0
C,178,THR,T,0.0
C,179,LEU,L,0.0
C,180,THR,T,0.0
C,181,LEU,L,0.0
C,182,THR,T,0.0
C,183,LYS,K,0.0
C,184,ASP,D,0.0
C,185,GLU,E,0.0
C,186,TYR,Y,0.0
C,187,GLU,E,0.0
C,188,ARG,R,0.0
C,189,HIS,H,0.0
C,190,ASN,N,0.0
C,191,SER,S,0.0
C,192,TYR,Y,0.0
C,193,THR,T,0.0
C,194,CYS,C,0.0
C,195,GLU,E,0.0
C,196,ALA,A,0.0
C,197,THR,T,0.0
C,198,HIS,H,0.0
C,199,LYS,K,0.0
C,203,SER,S,0.0
C,204,PRO,P,0.0
C,205,ILE,I,0.0
C,206,VAL,V,0.0
C,207,LYS,K,0.0
C,208,SER,S,0.0
C,209,PHE,F,0.0
